-- MySQL dump 10.13  Distrib 5.7.27, for Linux (x86_64)
--
-- Host: localhost    Database: api
-- ------------------------------------------------------
-- Server version	5.7.27-0ubuntu0.19.04.1

/*!40101 SET @OLD_CHARACTER_SET_CLIENT=@@CHARACTER_SET_CLIENT */;
/*!40101 SET @OLD_CHARACTER_SET_RESULTS=@@CHARACTER_SET_RESULTS */;
/*!40101 SET @OLD_COLLATION_CONNECTION=@@COLLATION_CONNECTION */;
/*!40101 SET NAMES utf8 */;
/*!40103 SET @OLD_TIME_ZONE=@@TIME_ZONE */;
/*!40103 SET TIME_ZONE='+00:00' */;
/*!40014 SET @OLD_UNIQUE_CHECKS=@@UNIQUE_CHECKS, UNIQUE_CHECKS=0 */;
/*!40014 SET @OLD_FOREIGN_KEY_CHECKS=@@FOREIGN_KEY_CHECKS, FOREIGN_KEY_CHECKS=0 */;
/*!40101 SET @OLD_SQL_MODE=@@SQL_MODE, SQL_MODE='NO_AUTO_VALUE_ON_ZERO' */;
/*!40111 SET @OLD_SQL_NOTES=@@SQL_NOTES, SQL_NOTES=0 */;

--
-- Table structure for table `migrations`
--

DROP TABLE IF EXISTS `migrations`;
/*!40101 SET @saved_cs_client     = @@character_set_client */;
/*!40101 SET character_set_client = utf8 */;
CREATE TABLE `migrations` (
  `id` int(10) unsigned NOT NULL AUTO_INCREMENT,
  `migration` varchar(255) COLLATE utf8mb4_unicode_ci NOT NULL,
  `batch` int(11) NOT NULL,
  PRIMARY KEY (`id`)
) ENGINE=InnoDB AUTO_INCREMENT=5 DEFAULT CHARSET=utf8mb4 COLLATE=utf8mb4_unicode_ci;
/*!40101 SET character_set_client = @saved_cs_client */;

--
-- Dumping data for table `migrations`
--

LOCK TABLES `migrations` WRITE;
/*!40000 ALTER TABLE `migrations` DISABLE KEYS */;
INSERT INTO `migrations` VALUES (1,'2014_10_12_000000_create_users_table',1),(2,'2014_10_12_100000_create_password_resets_table',1),(3,'2019_08_20_181521_create_products_table',1),(4,'2019_08_20_181609_create_reviews_table',1);
/*!40000 ALTER TABLE `migrations` ENABLE KEYS */;
UNLOCK TABLES;

--
-- Table structure for table `password_resets`
--

DROP TABLE IF EXISTS `password_resets`;
/*!40101 SET @saved_cs_client     = @@character_set_client */;
/*!40101 SET character_set_client = utf8 */;
CREATE TABLE `password_resets` (
  `email` varchar(255) COLLATE utf8mb4_unicode_ci NOT NULL,
  `token` varchar(255) COLLATE utf8mb4_unicode_ci NOT NULL,
  `created_at` timestamp NULL DEFAULT NULL,
  KEY `password_resets_email_index` (`email`)
) ENGINE=InnoDB DEFAULT CHARSET=utf8mb4 COLLATE=utf8mb4_unicode_ci;
/*!40101 SET character_set_client = @saved_cs_client */;

--
-- Dumping data for table `password_resets`
--

LOCK TABLES `password_resets` WRITE;
/*!40000 ALTER TABLE `password_resets` DISABLE KEYS */;
/*!40000 ALTER TABLE `password_resets` ENABLE KEYS */;
UNLOCK TABLES;

--
-- Table structure for table `products`
--

DROP TABLE IF EXISTS `products`;
/*!40101 SET @saved_cs_client     = @@character_set_client */;
/*!40101 SET character_set_client = utf8 */;
CREATE TABLE `products` (
  `id` int(10) unsigned NOT NULL AUTO_INCREMENT,
  `name` varchar(255) COLLATE utf8mb4_unicode_ci NOT NULL,
  `detail` text COLLATE utf8mb4_unicode_ci NOT NULL,
  `price` int(11) NOT NULL,
  `stock` int(11) NOT NULL,
  `discount` int(11) NOT NULL,
  `created_at` timestamp NULL DEFAULT NULL,
  `updated_at` timestamp NULL DEFAULT NULL,
  PRIMARY KEY (`id`)
) ENGINE=InnoDB AUTO_INCREMENT=51 DEFAULT CHARSET=utf8mb4 COLLATE=utf8mb4_unicode_ci;
/*!40101 SET character_set_client = @saved_cs_client */;

--
-- Dumping data for table `products`
--

LOCK TABLES `products` WRITE;
/*!40000 ALTER TABLE `products` DISABLE KEYS */;
INSERT INTO `products` VALUES (1,'corrupti','Quis quis iure quisquam inventore et ut inventore. Assumenda esse corporis possimus quia qui asperiores distinctio odit. Earum modi sed eos nihil numquam exercitationem omnis consequatur.',604,0,25,'2019-08-20 22:03:53','2019-08-20 22:03:53'),(2,'nobis','Tenetur reiciendis consequuntur rerum. Labore omnis explicabo vero non.',776,5,19,'2019-08-20 22:03:53','2019-08-20 22:03:53'),(3,'eius','Molestiae incidunt et cupiditate minima ut iste. Saepe ut animi eum tempora aut alias. Molestiae non reiciendis rerum maxime molestiae.',885,0,23,'2019-08-20 22:03:53','2019-08-20 22:03:53'),(4,'numquam','Est iure qui deserunt assumenda. Est labore autem dignissimos ducimus dicta mollitia.',451,3,19,'2019-08-20 22:03:53','2019-08-20 22:03:53'),(5,'temporibus','Est ad eligendi fuga doloribus est. Aut omnis sed laboriosam. Corrupti quasi nobis quia voluptates.',470,4,2,'2019-08-20 22:03:53','2019-08-20 22:03:53'),(6,'sit','Nihil tenetur autem et dolorum. Magni adipisci accusantium aperiam non sit eum. Consectetur accusamus eius quae quis. Praesentium nihil voluptas repellendus.',519,9,28,'2019-08-20 22:03:53','2019-08-20 22:03:53'),(7,'repellendus','Consectetur tempore iure quaerat placeat. Qui et velit sapiente qui enim. Quidem laudantium voluptates eos. Est dolorem maxime voluptatem optio.',437,2,15,'2019-08-20 22:03:53','2019-08-20 22:03:53'),(8,'voluptatum','Alias delectus vero consectetur voluptate deserunt. Aut facere enim doloribus deserunt suscipit. Placeat non sunt repudiandae voluptas delectus sit et.',868,2,2,'2019-08-20 22:03:53','2019-08-20 22:03:53'),(9,'qui','Eum omnis vel blanditiis accusamus voluptas in repellat. Alias sint officiis similique laborum. Maxime cumque recusandae expedita non sint autem. Quasi commodi maxime rerum veritatis.',538,0,20,'2019-08-20 22:03:53','2019-08-20 22:03:53'),(10,'autem','Veniam quos minima dicta placeat minima similique sint. Voluptatem facere earum nulla vel est.',946,8,8,'2019-08-20 22:03:53','2019-08-20 22:03:53'),(11,'voluptatem','Odio impedit modi ut suscipit dolor. Atque perferendis molestiae id sit earum harum aut necessitatibus. Qui natus fugit tenetur nesciunt. Pariatur illo sit similique doloremque voluptatem iusto.',459,1,27,'2019-08-20 22:03:53','2019-08-20 22:03:53'),(12,'occaecati','Placeat consequatur quia qui minus. Labore delectus earum soluta quo molestiae aut. Quasi eveniet necessitatibus aut omnis. Dolor quae perspiciatis eum.',746,6,10,'2019-08-20 22:03:53','2019-08-20 22:03:53'),(13,'et','Consequatur velit exercitationem et quibusdam et vel. Fuga sed deleniti omnis facere. Eos et officiis eius est ipsum.',848,7,7,'2019-08-20 22:03:53','2019-08-20 22:03:53'),(14,'officia','Asperiores voluptate nobis quos ratione. In necessitatibus enim fugiat quisquam. Corporis nam assumenda totam exercitationem enim et.',273,6,16,'2019-08-20 22:03:53','2019-08-20 22:03:53'),(15,'aut','Nobis et soluta commodi itaque voluptatem est perspiciatis. Illum dignissimos suscipit architecto eaque et voluptas. Ratione nobis impedit unde nihil quam.',722,3,2,'2019-08-20 22:03:53','2019-08-20 22:03:53'),(16,'expedita','Accusamus dolorem sint dolorem vitae dolor reprehenderit non. Libero corrupti quo nisi. Ut quidem blanditiis magnam quisquam id accusamus assumenda.',829,2,27,'2019-08-20 22:03:53','2019-08-20 22:03:53'),(17,'id','Tempore atque odio voluptas et. Autem ratione ad maiores et.',311,9,17,'2019-08-20 22:03:53','2019-08-20 22:03:53'),(18,'enim','Ab explicabo nemo tenetur minima voluptas adipisci laboriosam. Debitis quia tempora enim perferendis in sapiente. Modi optio placeat debitis accusamus sed fugiat. Non esse labore voluptatum nostrum incidunt nihil repudiandae. Temporibus eligendi ea eos aperiam culpa voluptatem quis laboriosam.',698,4,13,'2019-08-20 22:03:53','2019-08-20 22:03:53'),(19,'esse','Autem vel in est molestiae. Quos quisquam porro neque quasi accusamus sunt accusantium ullam. Qui officiis voluptas nesciunt magnam nam saepe. Dignissimos vitae enim consectetur veritatis mollitia.',871,8,5,'2019-08-20 22:03:53','2019-08-20 22:03:53'),(20,'ut','Eum recusandae dignissimos consectetur ut animi accusantium cum. Repellat ut velit quia id optio molestias beatae. Impedit officiis velit a non. Sed odio iusto et voluptatum ut inventore.',599,2,24,'2019-08-20 22:03:53','2019-08-20 22:03:53'),(21,'eius','Aliquam et excepturi odit sit in consequatur optio. Atque hic placeat error minima. Et aut doloremque corrupti ducimus qui aut.',919,9,5,'2019-08-20 22:03:54','2019-08-20 22:03:54'),(22,'unde','Omnis sit et omnis accusantium enim. Laboriosam esse nemo unde veritatis cumque deserunt sed. Consequatur rerum aut repudiandae ut quo quibusdam. Et consectetur expedita provident voluptas. Repudiandae sequi molestiae nemo officia.',197,2,28,'2019-08-20 22:03:54','2019-08-20 22:03:54'),(23,'minus','Ut numquam ullam doloribus alias sed consequatur saepe sunt. Nemo sed veniam ea officiis. Omnis nulla sit architecto et facilis excepturi distinctio.',371,2,17,'2019-08-20 22:03:54','2019-08-20 22:03:54'),(24,'nam','Est dolores repellat velit perspiciatis. Accusantium dolore exercitationem ipsa pariatur quidem. Quia facere ea vel dignissimos maxime nesciunt. Sed sit laudantium doloribus quia quam.',245,9,22,'2019-08-20 22:03:54','2019-08-20 22:03:54'),(25,'accusantium','Sed et corrupti quam rerum qui vero id labore. Suscipit accusamus temporibus dolores qui et at. Omnis doloribus repudiandae omnis commodi. Et sunt dolorum quia neque et ratione voluptatibus quia.',259,7,26,'2019-08-20 22:03:54','2019-08-20 22:03:54'),(26,'blanditiis','Nihil nisi dolorem eius et dolor minima minus. Tempore consectetur sapiente sunt a odit ut. Harum et iste ut et temporibus et. Ad incidunt et libero illo et voluptate vero.',482,3,26,'2019-08-20 22:03:54','2019-08-20 22:03:54'),(27,'consequuntur','A reiciendis aliquid et consequatur rerum. Est repellat beatae saepe ipsam. Voluptatem ut eligendi aspernatur quidem error ea. Possimus a architecto deserunt quibusdam libero.',978,8,3,'2019-08-20 22:03:54','2019-08-20 22:03:54'),(28,'id','Sint voluptatibus unde ipsa amet minus quas. Placeat cum molestiae quia aut in praesentium. Ipsum odit doloremque est.',131,9,26,'2019-08-20 22:03:54','2019-08-20 22:03:54'),(29,'mollitia','Expedita quis sint optio ex maxime. Laborum accusantium quas qui voluptatem eum. Corrupti et aut sapiente eligendi laboriosam quo commodi. Et et magnam animi repellat ut est ut.',603,6,19,'2019-08-20 22:03:54','2019-08-20 22:03:54'),(30,'deleniti','Magnam itaque quisquam sit enim. Eos vel facilis vero minima. Eligendi id fuga commodi itaque voluptas. Pariatur repellat quia occaecati et laborum repellendus.',592,4,20,'2019-08-20 22:03:54','2019-08-20 22:03:54'),(31,'consectetur','Similique ex iste iure vel delectus. Non non dolores doloribus. Adipisci non possimus porro dolores fuga quia. Veniam dolorum optio maiores ea maiores quis. Aut dolor ad numquam tenetur velit velit quia.',662,3,13,'2019-08-20 22:03:54','2019-08-20 22:03:54'),(32,'autem','Magni incidunt architecto quas enim atque consectetur aut. Commodi officiis maiores porro quis esse quaerat.',867,9,25,'2019-08-20 22:03:54','2019-08-20 22:03:54'),(33,'et','Praesentium natus optio eos deleniti. Et laudantium et est. Mollitia enim impedit labore amet voluptatibus.',253,7,3,'2019-08-20 22:03:54','2019-08-20 22:03:54'),(34,'quia','Tenetur quo aut natus vero voluptatum reiciendis. Ducimus aut non nam quas incidunt dolore et. Aut nemo hic voluptatem quisquam.',112,5,29,'2019-08-20 22:03:54','2019-08-20 22:03:54'),(35,'ea','Corporis optio aut esse minima voluptatem qui rerum. Temporibus quibusdam facilis et ut eius voluptatem voluptatum. Sint sed repellat fugiat reiciendis molestiae et in molestias.',441,0,15,'2019-08-20 22:03:54','2019-08-20 22:03:54'),(36,'dolor','Minima ea at aut aliquid. Expedita voluptates natus aut velit. Animi molestias quo qui qui accusantium sit. Officiis consequuntur quos eveniet dolorem ullam.',669,1,20,'2019-08-20 22:03:54','2019-08-20 22:03:54'),(37,'quae','Dolores ipsa maxime neque consequuntur. Excepturi enim sed non animi. Facilis ea vitae dicta voluptatem voluptate.',229,7,20,'2019-08-20 22:03:54','2019-08-20 22:03:54'),(38,'velit','Omnis necessitatibus totam harum illum. Voluptatibus beatae tenetur quasi aspernatur. Assumenda dicta quo perspiciatis nisi minima modi. Esse incidunt excepturi explicabo quae accusamus.',549,8,29,'2019-08-20 22:03:54','2019-08-20 22:03:54'),(39,'expedita','Facere dignissimos omnis rerum vitae alias voluptas nostrum. Et in et perspiciatis quia nostrum. Et dicta sapiente labore eum necessitatibus maiores. Non eos cum quia culpa.',302,9,8,'2019-08-20 22:03:54','2019-08-20 22:03:54'),(40,'repudiandae','Officiis enim quaerat vitae ipsum eaque ut. Itaque porro et quia et ab omnis. Saepe eos quia et explicabo consequatur nam quaerat. Non aperiam alias nulla nesciunt nihil vel.',311,2,20,'2019-08-20 22:03:55','2019-08-20 22:03:55'),(41,'quibusdam','Sint mollitia aut ut molestias qui. Et aspernatur asperiores dolores et. Laborum fugiat voluptas ut et voluptatem voluptate corporis a. Vel quam quisquam voluptatem aut.',497,3,24,'2019-08-20 22:03:55','2019-08-20 22:03:55'),(42,'quisquam','Labore vel iste non. Ratione tempora officia est soluta enim nulla fugiat. Harum aut consequuntur odit earum et voluptatem sed quasi.',502,9,30,'2019-08-20 22:03:55','2019-08-20 22:03:55'),(43,'et','Dolor in corporis est maxime. Itaque qui ut vel et error rem velit debitis. Et quasi qui deserunt facere.',541,0,20,'2019-08-20 22:03:55','2019-08-20 22:03:55'),(44,'porro','Vitae est dolorum est quos sed enim. Saepe sunt dolorem quod assumenda cupiditate veritatis. Sit sint eaque animi est nobis.',674,1,9,'2019-08-20 22:03:55','2019-08-20 22:03:55'),(45,'reprehenderit','Sint ut atque perspiciatis modi. Ut voluptatem repellendus eum. Magnam non error non nostrum officia amet. Aut sed animi quod rerum.',481,0,6,'2019-08-20 22:03:55','2019-08-20 22:03:55'),(46,'autem','Et sed laborum voluptatem exercitationem nisi voluptas. Repudiandae sunt distinctio eum labore esse. Optio sequi et minima accusamus.',189,5,19,'2019-08-20 22:03:55','2019-08-20 22:03:55'),(47,'libero','Rerum odio voluptatum architecto. Est mollitia quidem quod aut. Eos laudantium qui fugiat unde molestias enim.',568,4,21,'2019-08-20 22:03:55','2019-08-20 22:03:55'),(48,'quis','Non adipisci omnis et veritatis. Inventore deleniti molestias corporis nemo sunt necessitatibus voluptatem est.',113,6,8,'2019-08-20 22:03:55','2019-08-20 22:03:55'),(49,'neque','Et rerum quibusdam aliquid debitis aliquid explicabo repellendus. Odio consequatur ratione quasi cumque odio voluptatum magnam voluptatem. Et dicta dolorum omnis sed doloremque et. Qui ducimus asperiores reiciendis voluptatibus aliquam at.',517,2,22,'2019-08-20 22:03:55','2019-08-20 22:03:55'),(50,'delectus','Consequatur sunt ut illum a soluta fugiat. Aliquid qui ut dolorem voluptas enim unde. Qui dolores at quae repellendus. Consequatur et quasi itaque in rerum cum.',597,6,10,'2019-08-20 22:03:55','2019-08-20 22:03:55');
/*!40000 ALTER TABLE `products` ENABLE KEYS */;
UNLOCK TABLES;

--
-- Table structure for table `reviews`
--

DROP TABLE IF EXISTS `reviews`;
/*!40101 SET @saved_cs_client     = @@character_set_client */;
/*!40101 SET character_set_client = utf8 */;
CREATE TABLE `reviews` (
  `id` int(10) unsigned NOT NULL AUTO_INCREMENT,
  `product_id` int(10) unsigned NOT NULL,
  `customer` varchar(255) COLLATE utf8mb4_unicode_ci NOT NULL,
  `review` text COLLATE utf8mb4_unicode_ci NOT NULL,
  `star` int(11) NOT NULL,
  `created_at` timestamp NULL DEFAULT NULL,
  `updated_at` timestamp NULL DEFAULT NULL,
  PRIMARY KEY (`id`),
  KEY `reviews_product_id_index` (`product_id`),
  CONSTRAINT `reviews_product_id_foreign` FOREIGN KEY (`product_id`) REFERENCES `products` (`id`) ON DELETE CASCADE
) ENGINE=InnoDB AUTO_INCREMENT=301 DEFAULT CHARSET=utf8mb4 COLLATE=utf8mb4_unicode_ci;
/*!40101 SET character_set_client = @saved_cs_client */;

--
-- Dumping data for table `reviews`
--

LOCK TABLES `reviews` WRITE;
/*!40000 ALTER TABLE `reviews` DISABLE KEYS */;
INSERT INTO `reviews` VALUES (1,9,'Cortez O\'Reilly','Ex amet ipsa vel. Et et exercitationem rem qui neque et accusantium.',5,'2019-08-20 22:03:55','2019-08-20 22:03:55'),(2,43,'Ms. Brisa Blanda','Velit pariatur quis sunt culpa. Perferendis est numquam ea fuga unde odit repellat distinctio. Architecto praesentium vel magnam non doloremque similique. Quia quia vero magnam et magnam quae perferendis.',5,'2019-08-20 22:03:55','2019-08-20 22:03:55'),(3,2,'Zachariah Wolf','Et voluptates omnis nulla non. Illo illo et et sit voluptates tempora. Voluptatem sint dolor esse. Dignissimos et ut quas sequi voluptatem at nesciunt.',3,'2019-08-20 22:03:55','2019-08-20 22:03:55'),(4,10,'Curtis Strosin','Blanditiis ea et voluptatem corporis voluptatum. Autem vero occaecati sit alias distinctio nobis.',3,'2019-08-20 22:03:55','2019-08-20 22:03:55'),(5,18,'Deonte Beer','Ut et ut aut cum. Ut ut eveniet cumque eum sunt quod dignissimos. Laboriosam voluptatibus voluptas pariatur dolor in.',5,'2019-08-20 22:03:55','2019-08-20 22:03:55'),(6,26,'Virgil Heller','Quia modi dolor illo voluptas dolore omnis. Voluptatem occaecati ex nemo.',2,'2019-08-20 22:03:55','2019-08-20 22:03:55'),(7,26,'Rosie Bednar MD','Illum eius libero et illo voluptatem labore ut. Nobis et ducimus neque nobis doloribus voluptatibus quisquam. Nihil quis quasi rerum reprehenderit. Debitis maxime omnis est neque eveniet rerum tempore quasi.',3,'2019-08-20 22:03:56','2019-08-20 22:03:56'),(8,38,'Javon Bruen','Neque repudiandae eum est molestias et est recusandae. Molestias optio molestiae dolorum suscipit. Ut quae aperiam enim quidem nesciunt.',3,'2019-08-20 22:03:56','2019-08-20 22:03:56'),(9,49,'Lenny Purdy','Facere corrupti voluptas voluptatem eligendi. Officia dolorum fuga doloremque nihil laudantium laudantium reiciendis. Incidunt aut mollitia omnis ut repudiandae consequatur fugit.',2,'2019-08-20 22:03:56','2019-08-20 22:03:56'),(10,1,'Dr. Patience D\'Amore Sr.','Numquam molestias sint nihil voluptatem distinctio quis magni ducimus. Cupiditate quam ad consequuntur possimus inventore nesciunt est cupiditate. Illum sint qui et ducimus aut laboriosam sapiente.',1,'2019-08-20 22:03:56','2019-08-20 22:03:56'),(11,3,'Pansy Cummerata Jr.','Nesciunt eius adipisci et omnis. Debitis doloribus ut eaque est et neque accusantium. Odio officiis voluptatum qui maiores saepe atque consequuntur. Aliquam possimus voluptas rerum incidunt fugit quia in.',4,'2019-08-20 22:03:56','2019-08-20 22:03:56'),(12,11,'Prof. Orville Wisoky DVM','Nihil harum et velit. Rerum repellendus sunt consequatur culpa fuga voluptatem provident. Perferendis deserunt quae molestiae. Tenetur quis nesciunt sunt ut vel eligendi.',3,'2019-08-20 22:03:56','2019-08-20 22:03:56'),(13,29,'Marjory Lockman','Quia praesentium tenetur qui similique totam nulla quia harum. Modi voluptate ad a minima. Nesciunt assumenda adipisci quod ipsum qui qui dolores.',1,'2019-08-20 22:03:56','2019-08-20 22:03:56'),(14,32,'Ms. Anahi Runolfsdottir','Consequuntur eius sit iusto quas. Veniam alias in non officiis rem. Adipisci ipsam aperiam excepturi ab consectetur provident rerum vel. Eos et id sapiente.',3,'2019-08-20 22:03:56','2019-08-20 22:03:56'),(15,26,'Webster Ryan','Incidunt consequatur pariatur repellat molestiae at et explicabo. Officia iste aut autem sed sapiente et eum. Eveniet et voluptatem aperiam repellendus repudiandae cumque.',5,'2019-08-20 22:03:56','2019-08-20 22:03:56'),(16,8,'Jose Jenkins','Nisi consequatur ut a odit fuga. Cumque sed est sit deleniti odit qui iusto. Iusto accusantium accusamus hic omnis aut ex. Accusantium deleniti et et quas et non quam sit.',1,'2019-08-20 22:03:56','2019-08-20 22:03:56'),(17,25,'Ettie Jast','Rerum sint praesentium adipisci consequatur. Sunt voluptas in velit adipisci.',1,'2019-08-20 22:03:56','2019-08-20 22:03:56'),(18,36,'Emilie Beatty','Est vel et aspernatur provident. Aut debitis vitae iste aut. Porro facilis nihil praesentium dolorum illum voluptatem itaque. Minima minima praesentium non quos.',1,'2019-08-20 22:03:56','2019-08-20 22:03:56'),(19,1,'Nestor Kerluke','Nisi molestiae nesciunt dolore repudiandae accusamus. Laborum in velit sapiente in modi et. Praesentium fugiat quas laudantium at qui. Ut dolor cum nesciunt nemo quo aut voluptate rerum.',0,'2019-08-20 22:03:56','2019-08-20 22:03:56'),(20,21,'Ms. Kiarra O\'Hara I','Tempore eum iure et ullam omnis aliquam. Iste quam nihil cumque ullam reprehenderit aut voluptatem. Ullam tenetur aliquid quaerat atque in.',2,'2019-08-20 22:03:56','2019-08-20 22:03:56'),(21,21,'Dr. Ocie Zieme III','Eum exercitationem aspernatur pariatur aut eligendi eligendi. Quis ea molestiae quis quam eum excepturi iste. Eaque sequi quia nam deleniti accusantium vel asperiores quam.',5,'2019-08-20 22:03:56','2019-08-20 22:03:56'),(22,45,'Mr. Titus Funk IV','Impedit assumenda modi quia voluptatibus debitis enim culpa. Veniam quaerat et deleniti facere. Voluptatum quo velit minus quisquam qui.',5,'2019-08-20 22:03:56','2019-08-20 22:03:56'),(23,14,'Nicole Jast I','Voluptatem earum voluptatem fugiat aut possimus. Voluptas quis a consequatur eaque praesentium suscipit dolorem. Consequuntur voluptatem facilis est ab architecto veniam. Adipisci ipsam illum eos.',4,'2019-08-20 22:03:56','2019-08-20 22:03:56'),(24,7,'Peyton Nader','Cum esse voluptatem dolorum ut aut et esse. Tenetur qui provident non provident deserunt placeat. Esse quis optio velit molestiae omnis aut cupiditate commodi. Modi quasi et et omnis eligendi a.',5,'2019-08-20 22:03:56','2019-08-20 22:03:56'),(25,32,'Tobin Dickinson DDS','Quia totam velit tenetur sed quae aut libero. Delectus sunt quia quo hic quia nihil. Ea sunt ut voluptas numquam ut nobis qui.',5,'2019-08-20 22:03:56','2019-08-20 22:03:56'),(26,36,'Ransom Macejkovic PhD','Aut neque asperiores unde eum temporibus tenetur accusantium tempora. Ducimus deserunt vel corporis et reprehenderit et non. Tenetur iusto vero rerum nam praesentium.',1,'2019-08-20 22:03:56','2019-08-20 22:03:56'),(27,30,'Mr. Zachery Shanahan V','Nam voluptatem dolores ducimus ipsam. Ducimus qui incidunt inventore necessitatibus itaque. Ut est non velit aut.',4,'2019-08-20 22:03:56','2019-08-20 22:03:56'),(28,6,'Ray Ullrich','Expedita illum corporis id velit rerum aliquam. Et libero autem est. Qui exercitationem rerum assumenda ut. Dolor voluptatem molestias et.',4,'2019-08-20 22:03:56','2019-08-20 22:03:56'),(29,29,'Name Douglas','Dolores aut et provident debitis dignissimos ad. Vel eum cupiditate autem saepe magnam. Magnam ducimus magnam eligendi dicta.',5,'2019-08-20 22:03:56','2019-08-20 22:03:56'),(30,27,'Dr. Eudora Heathcote DDS','Quasi unde quas tenetur qui quaerat maxime rem. Quod eos tenetur saepe qui repellat dolores sunt alias. Voluptatum qui a recusandae consequatur. Commodi voluptatem explicabo sequi ea molestiae ut inventore.',0,'2019-08-20 22:03:57','2019-08-20 22:03:57'),(31,49,'Miss Oleta Jakubowski PhD','Iste consequatur voluptas facilis atque est et a. Est possimus nihil doloremque cumque ut assumenda quas. Aliquam vitae corrupti quidem reprehenderit beatae explicabo.',4,'2019-08-20 22:03:57','2019-08-20 22:03:57'),(32,15,'Prof. Herminio Kovacek','Velit perspiciatis nisi porro optio ea. Laboriosam occaecati odit nulla ut. Totam et quo qui est a.',0,'2019-08-20 22:03:57','2019-08-20 22:03:57'),(33,15,'Jana Rohan','Fugit aspernatur nostrum ut officiis. Facere voluptates cupiditate voluptas dolorem atque ut recusandae. Doloribus voluptates earum dolore dolorum. Optio et officiis at corporis commodi culpa vel.',1,'2019-08-20 22:03:57','2019-08-20 22:03:57'),(34,15,'Abigail Corkery','Molestias ut repellendus molestias. Et eum nostrum labore ut nemo. Quas est et sed vel quis.',0,'2019-08-20 22:03:57','2019-08-20 22:03:57'),(35,26,'Anissa Kuhic','Laboriosam accusamus qui eligendi reprehenderit natus aut. Et ut ea esse facere ipsam totam odio. Quis consequatur pariatur nostrum.',0,'2019-08-20 22:03:57','2019-08-20 22:03:57'),(36,15,'Margaret McKenzie','Tempora ipsum perspiciatis suscipit est porro occaecati. Voluptas consequatur sapiente fugit est. Exercitationem voluptas dignissimos qui earum rerum laudantium.',4,'2019-08-20 22:03:57','2019-08-20 22:03:57'),(37,21,'Mrs. Delia Veum Jr.','Voluptas nam deserunt quia sint quia assumenda. Non et et quo voluptatem. Id aut consectetur aut. Neque alias optio fugit libero odio. Enim perferendis nesciunt autem.',0,'2019-08-20 22:03:57','2019-08-20 22:03:57'),(38,2,'Savion Howell','Aut consequatur alias molestias adipisci perspiciatis. Perferendis est consequatur enim aliquam molestiae dolorem dignissimos.',2,'2019-08-20 22:03:57','2019-08-20 22:03:57'),(39,10,'Daphnee Dickinson','Vitae sed at officia. Perspiciatis aliquam et et ut esse. Animi laudantium velit cumque ut. Dolor omnis dolorem ab at dolor est enim officiis.',1,'2019-08-20 22:03:57','2019-08-20 22:03:57'),(40,48,'Mrs. Patricia Green III','Nihil eveniet sit sed minus temporibus earum. Placeat quidem consequatur ipsum quasi voluptatum eos. Dolor voluptate qui porro porro mollitia doloremque officia consectetur.',0,'2019-08-20 22:03:57','2019-08-20 22:03:57'),(41,14,'Gilda O\'Reilly','Deserunt fuga et distinctio dignissimos non. Necessitatibus eveniet in dicta in. Dolorem qui modi consequatur perspiciatis itaque molestiae ipsum.',1,'2019-08-20 22:03:57','2019-08-20 22:03:57'),(42,39,'Prof. Amelia Tromp Jr.','Sit ipsa autem et debitis ducimus. Eos voluptates tempore vero nisi. Velit ut ea tenetur quod. Neque quia qui doloribus ut animi et fuga.',5,'2019-08-20 22:03:57','2019-08-20 22:03:57'),(43,46,'Sean Hayes IV','Dolores qui autem dolorem et est earum voluptatem. Aut illum eaque et vel. Voluptatum sapiente excepturi ipsam.',5,'2019-08-20 22:03:57','2019-08-20 22:03:57'),(44,31,'Ms. Elisa Howell Jr.','Dolores rerum ratione dolorem consequatur. Nihil eos sed voluptas nostrum rerum id. Voluptatem id natus aut illum sit itaque consequuntur facilis. Quia pariatur consequuntur sed harum recusandae.',2,'2019-08-20 22:03:57','2019-08-20 22:03:57'),(45,13,'Ola Kutch','Quasi et illum autem ut odit a et. Et eum molestiae id et vitae ipsa eveniet. Eos sit ut sint excepturi architecto quo. Dolores libero corrupti sint adipisci.',2,'2019-08-20 22:03:57','2019-08-20 22:03:57'),(46,8,'Sabryna Stamm','Voluptatum recusandae dolores ea sunt explicabo dolorem. Eius voluptatum labore quas perspiciatis aut inventore. Dolor soluta quidem veniam pariatur. Excepturi accusamus ea et neque deleniti est nesciunt ea.',5,'2019-08-20 22:03:57','2019-08-20 22:03:57'),(47,10,'Eriberto Lueilwitz','Veniam unde ut aut sit voluptatem cum. Libero molestiae non explicabo optio aliquid et.',5,'2019-08-20 22:03:58','2019-08-20 22:03:58'),(48,37,'Favian Schroeder','Odio qui sapiente illum. Commodi est nostrum aut eveniet nihil. Accusamus omnis cum aut incidunt sed.',0,'2019-08-20 22:03:58','2019-08-20 22:03:58'),(49,24,'Magnus Raynor','Corrupti eos sunt perferendis quidem. Optio quos rem sed consequatur dolorem. Ut soluta in enim sed vero expedita ut. Doloribus ipsam ipsa quidem quasi.',3,'2019-08-20 22:03:58','2019-08-20 22:03:58'),(50,17,'Trevor Kautzer','Voluptas incidunt voluptates ab sit ratione. Esse aut et non alias qui. Qui et quidem autem exercitationem laboriosam deserunt est. Iusto nostrum non dignissimos.',1,'2019-08-20 22:03:58','2019-08-20 22:03:58'),(51,45,'Mrs. Allison Reynolds','Dicta voluptatem architecto voluptates ex temporibus. Ad nam voluptatem iste.',4,'2019-08-20 22:03:58','2019-08-20 22:03:58'),(52,32,'Erna Abshire','Optio qui sed voluptatem ut. Velit explicabo placeat harum cupiditate. Cumque nisi et ex voluptatem sit sint.',1,'2019-08-20 22:03:58','2019-08-20 22:03:58'),(53,7,'Mrs. Dariana Mills I','Et odit repellendus sequi quisquam non quis magnam quis. Sequi omnis enim nam ipsam odio aperiam rerum. Ratione quis eos et itaque molestiae in sequi. Error in voluptatem aut nobis necessitatibus error porro.',4,'2019-08-20 22:03:58','2019-08-20 22:03:58'),(54,40,'Delphia Johnston MD','Id repellendus amet laudantium. Cum nobis quo nam vel voluptate quas corrupti. Laboriosam fuga nobis nihil fuga voluptate doloribus architecto.',3,'2019-08-20 22:03:58','2019-08-20 22:03:58'),(55,14,'Mrs. Lindsay Ruecker','Odio ex cum dicta dolor. Et repellat dolores ea inventore excepturi. Quod qui ipsa voluptatem dolores eos.',5,'2019-08-20 22:03:58','2019-08-20 22:03:58'),(56,2,'Nina Price','Dolor inventore quis quisquam. Accusamus vel quia dolores ipsam non facilis. Eveniet adipisci dolores impedit ex non enim ullam.',1,'2019-08-20 22:03:58','2019-08-20 22:03:58'),(57,4,'Sarina Crona','Molestiae est vero est quia. Quidem voluptas voluptatem quia optio eius corporis officiis. Voluptas sapiente laboriosam molestiae sit et repudiandae laborum. Eum voluptas modi explicabo aut nam.',2,'2019-08-20 22:03:58','2019-08-20 22:03:58'),(58,33,'Emily Raynor V','Numquam delectus cum ullam culpa repudiandae dolorem. Velit sunt similique nihil in deserunt. Laboriosam minima neque aliquid et ipsum et qui.',3,'2019-08-20 22:03:58','2019-08-20 22:03:58'),(59,37,'Mr. Brett Altenwerth Sr.','Dolores ducimus error laborum perferendis ut eos. Iste iste qui doloribus delectus repellat beatae perferendis officiis. Repellendus nostrum aliquam ad quo molestiae. Odit est eum sit magni natus quaerat ut.',3,'2019-08-20 22:03:58','2019-08-20 22:03:58'),(60,18,'Prof. Levi Franecki','Ipsam qui quam ducimus ut nostrum. Minima officia voluptatem aliquam accusantium est culpa vero vitae. Laboriosam ipsa nobis a et.',2,'2019-08-20 22:03:58','2019-08-20 22:03:58'),(61,23,'Laury Jast','Culpa aut inventore consequatur pariatur facere vero et. Ea et eum cum nihil exercitationem non ipsam. Nesciunt perferendis cum natus sunt ut libero.',0,'2019-08-20 22:03:58','2019-08-20 22:03:58'),(62,38,'Dr. Darrick Rempel IV','At consequatur quisquam ea non odio quia. Sunt quibusdam dolore et maxime aut. Assumenda enim facere sit sed non natus quia.',5,'2019-08-20 22:03:58','2019-08-20 22:03:58'),(63,26,'Vidal Carroll','Quaerat magni quaerat non consequatur veritatis. Unde sit ut unde. Accusamus est eius odit quos. Cupiditate dolorem voluptatem sapiente nostrum beatae ex.',2,'2019-08-20 22:03:58','2019-08-20 22:03:58'),(64,28,'Shemar Kulas DVM','Et dolorum corporis nisi est. Quis iste quisquam nulla delectus. Id minima id sit praesentium veniam. Tenetur asperiores quasi optio accusantium qui quae. Aut omnis in qui atque soluta alias dolores fugit.',1,'2019-08-20 22:03:58','2019-08-20 22:03:58'),(65,36,'Verner Block','Amet error aut qui velit officia. Magni et itaque illo ipsum error non. Consectetur ab repudiandae veniam pariatur aut ipsum maxime. Consequatur natus explicabo in quaerat.',4,'2019-08-20 22:03:58','2019-08-20 22:03:58'),(66,16,'Ms. Charity Smitham','Pariatur ut aut aut excepturi nisi et accusantium est. Voluptatem alias eaque sit consequatur adipisci et velit. Maiores adipisci ipsam saepe laboriosam et iste. Qui et optio illum nulla officiis perferendis.',1,'2019-08-20 22:03:58','2019-08-20 22:03:58'),(67,31,'Hillard Veum','Aut inventore consequatur consectetur quam cumque voluptates et. Illum nesciunt earum suscipit repellat omnis pariatur vero. Error omnis omnis eum dicta mollitia ut.',1,'2019-08-20 22:03:58','2019-08-20 22:03:58'),(68,22,'Natalie Cummerata','Pariatur provident reiciendis ut qui dolor. Corrupti vel ea odio quos non sunt neque in. Recusandae officiis inventore exercitationem at.',0,'2019-08-20 22:03:58','2019-08-20 22:03:58'),(69,30,'Fleta Dach','Rerum aliquid esse unde neque temporibus velit. Explicabo recusandae est quis est deserunt dolores alias. Itaque rerum autem aperiam similique nemo.',4,'2019-08-20 22:03:58','2019-08-20 22:03:58'),(70,19,'Charley Bergnaum','Est mollitia est nam voluptates molestiae necessitatibus minima. Omnis culpa id et doloremque. In consectetur optio officiis odit rerum modi.',0,'2019-08-20 22:03:59','2019-08-20 22:03:59'),(71,49,'Carlotta Tillman','Nostrum enim ut labore optio omnis officia dolores. Dolorem id quaerat cumque eaque autem. Quia exercitationem totam et iure perspiciatis. Et est dolores quam ut non architecto.',0,'2019-08-20 22:03:59','2019-08-20 22:03:59'),(72,17,'Kattie Crooks MD','Et voluptatibus quidem error autem quisquam autem. Possimus similique ducimus temporibus quam dolores facilis aut. In non qui cum natus dicta labore natus incidunt.',4,'2019-08-20 22:03:59','2019-08-20 22:03:59'),(73,19,'Justen Roberts','Aliquam modi blanditiis molestias dolore. Fuga suscipit qui a dolore nihil sed. Qui delectus sed molestias labore quasi.',5,'2019-08-20 22:03:59','2019-08-20 22:03:59'),(74,14,'Dr. Lesley Jast','A et illum aliquam nam expedita voluptas cum. Asperiores enim et laboriosam vitae. Amet error animi eos dolorem aut. Iure ea reiciendis cum illo distinctio.',0,'2019-08-20 22:03:59','2019-08-20 22:03:59'),(75,4,'Dr. Berenice Buckridge DDS','Voluptas soluta ab praesentium aut alias quod esse. Perspiciatis praesentium eligendi molestiae saepe aspernatur et nisi. Soluta dicta non qui qui minima nam voluptate.',3,'2019-08-20 22:03:59','2019-08-20 22:03:59'),(76,9,'Miss Amanda Schulist II','Minus laborum sit asperiores quaerat quo doloribus et iure. Quod atque magni facere nesciunt molestiae voluptatem quo. Et at quos maxime nam ullam qui cum. Qui quibusdam omnis rem commodi architecto.',1,'2019-08-20 22:03:59','2019-08-20 22:03:59'),(77,38,'Dr. Efren Hill','Incidunt perferendis commodi labore rerum dolorem eaque libero. Incidunt eveniet ducimus est. Et adipisci explicabo similique excepturi eveniet et officiis. Consequuntur aut eaque debitis earum eos facilis.',0,'2019-08-20 22:03:59','2019-08-20 22:03:59'),(78,19,'Prof. Marjolaine Becker DVM','Dolor nulla ad assumenda quibusdam facilis molestiae architecto. Quasi possimus voluptatem tenetur nulla consectetur fuga blanditiis. Ex asperiores eius voluptatum nostrum qui eaque.',1,'2019-08-20 22:03:59','2019-08-20 22:03:59'),(79,8,'Laurianne Fritsch','Temporibus dolorem quos assumenda cumque. Saepe iste nostrum expedita. Suscipit ut cumque nulla voluptatem et mollitia. Minus temporibus voluptatem earum cumque.',0,'2019-08-20 22:03:59','2019-08-20 22:03:59'),(80,40,'Jammie Reichel','Qui doloremque expedita quae modi et et eaque. Sed ut ut deleniti magnam vel. Aut quaerat consectetur cupiditate. Veniam voluptatem soluta quibusdam tenetur soluta impedit deserunt autem.',0,'2019-08-20 22:03:59','2019-08-20 22:03:59'),(81,22,'Autumn Marquardt','Inventore sit consequatur eum illo ullam. Adipisci ad quos enim voluptas vero et natus. Iure mollitia non dolorem id maiores ex eum. Alias ut labore mollitia non beatae quibusdam.',5,'2019-08-20 22:03:59','2019-08-20 22:03:59'),(82,49,'Cruz Kuvalis II','Odio consequatur fugit ratione est. Voluptas ut sunt mollitia voluptas doloribus tempore consectetur. Voluptas cum error aut ullam officiis.',3,'2019-08-20 22:03:59','2019-08-20 22:03:59'),(83,37,'Mr. Raoul McDermott','Est facilis eum omnis laborum ea. Molestiae repudiandae et consequatur ut ut ipsum. Voluptates cupiditate architecto culpa voluptatem voluptate.',1,'2019-08-20 22:03:59','2019-08-20 22:03:59'),(84,35,'Mrs. Amy Casper I','Dignissimos voluptatibus id aut laboriosam. Autem suscipit officiis non corporis blanditiis nam. Exercitationem commodi vel distinctio assumenda dolores est. Nemo ipsum commodi totam distinctio magnam.',3,'2019-08-20 22:03:59','2019-08-20 22:03:59'),(85,31,'Virgie Lang','Veniam dolore nulla labore voluptas temporibus tempora. Fugit id beatae ad aut ut eligendi. Possimus aliquam beatae tempore. Qui voluptatem fuga laudantium.',3,'2019-08-20 22:03:59','2019-08-20 22:03:59'),(86,28,'Julius Sauer','Repellat et distinctio quis nisi consectetur quos ea. Natus omnis itaque tenetur tenetur voluptatibus qui. Porro id fugit aliquid blanditiis velit.',4,'2019-08-20 22:03:59','2019-08-20 22:03:59'),(87,29,'Arianna Gerlach','Quam unde sit sed quod quos officiis quisquam dolores. Enim rerum saepe tempore voluptatem et architecto a. Delectus perferendis corrupti error.',0,'2019-08-20 22:03:59','2019-08-20 22:03:59'),(88,33,'Prof. Greta Fisher DDS','Voluptatibus vero dolore quod assumenda blanditiis saepe. Omnis unde enim explicabo. Quisquam dolor et quaerat aspernatur.',2,'2019-08-20 22:03:59','2019-08-20 22:03:59'),(89,48,'Shawna Lueilwitz','Accusamus quia consequatur voluptatem id nobis est qui aut. Neque eos maxime ullam occaecati blanditiis. Molestias perspiciatis deleniti quam ut eum molestiae ipsa repudiandae.',4,'2019-08-20 22:03:59','2019-08-20 22:03:59'),(90,40,'Porter Anderson','Excepturi sunt vel reiciendis modi. Assumenda aut quo exercitationem temporibus maxime eveniet in rerum. A ut odit est. Occaecati ad sed maxime nulla.',5,'2019-08-20 22:03:59','2019-08-20 22:03:59'),(91,8,'Pierre Oberbrunner','Odio deserunt molestiae aut modi. Autem eum rerum occaecati est rerum ex similique est. Nostrum vitae tenetur nisi velit. Eligendi aut recusandae consequuntur sunt in.',3,'2019-08-20 22:03:59','2019-08-20 22:03:59'),(92,11,'Brady Pagac','Quidem odit eos vitae corrupti et. Commodi praesentium nostrum doloribus et rem. Explicabo eos dolorem repellendus sit quas. Qui id quisquam nobis id aut veritatis incidunt et. A atque in sit.',2,'2019-08-20 22:03:59','2019-08-20 22:03:59'),(93,39,'Kennith Dach','Dolores quis reprehenderit autem assumenda magnam qui molestiae et. Rerum magnam atque soluta excepturi voluptas et. Autem dolorum itaque necessitatibus reprehenderit doloribus soluta. Voluptates nulla animi ut eum.',5,'2019-08-20 22:03:59','2019-08-20 22:03:59'),(94,37,'Rocky Wintheiser MD','Qui quo omnis et voluptas dolorem laudantium officia. Ea cum ut ipsam id odit. Eum deleniti at ut corrupti. Rerum vitae nostrum tenetur provident aut pariatur vel.',2,'2019-08-20 22:04:00','2019-08-20 22:04:00'),(95,15,'Ms. Beaulah Leuschke II','Reiciendis et fugit quos sit. Beatae tenetur tenetur dolor blanditiis reiciendis. Enim explicabo saepe corporis quo quae.',5,'2019-08-20 22:04:00','2019-08-20 22:04:00'),(96,31,'Dr. Keshawn Wiza I','Blanditiis amet explicabo quibusdam nesciunt. Voluptatibus voluptas labore dolorem saepe illum quos. Optio rerum quae quasi accusantium. Mollitia quo ratione fugit eius.',5,'2019-08-20 22:04:00','2019-08-20 22:04:00'),(97,45,'Winston Corkery','Aliquam quaerat facilis eius et. Vel atque maiores aut porro molestias. Blanditiis odio incidunt ea sit. Corporis voluptatem nihil quia earum ut est.',4,'2019-08-20 22:04:00','2019-08-20 22:04:00'),(98,16,'Nils Wilderman','Culpa aliquid blanditiis delectus praesentium omnis illum et. Sed numquam repellendus placeat rem rerum asperiores in. Qui est sit voluptas voluptas non quod ut.',0,'2019-08-20 22:04:00','2019-08-20 22:04:00'),(99,48,'Dr. Dante Okuneva','Nam itaque omnis quibusdam autem eum commodi. Ut alias autem debitis mollitia nihil rerum et perferendis. Aut rem non sint facilis aut aut sit.',0,'2019-08-20 22:04:00','2019-08-20 22:04:00'),(100,46,'Mr. John Eichmann','Tempora laborum odit non aut repellat voluptatem est. Officia cupiditate esse occaecati facere quo. Odit repellendus vel corrupti et nesciunt ut id.',2,'2019-08-20 22:04:00','2019-08-20 22:04:00'),(101,50,'Laury Emard','Dolorum culpa vel error. Aut enim vel qui voluptatum sed. Voluptatibus natus ea iure sed fugit.',2,'2019-08-20 22:04:00','2019-08-20 22:04:00'),(102,27,'Percival Connelly','Quae molestiae ratione cupiditate ut. Accusamus nostrum ea sunt ipsa itaque. Ab quos distinctio error aut hic.',2,'2019-08-20 22:04:00','2019-08-20 22:04:00'),(103,35,'Ansley Armstrong','Est quia sapiente et rerum. Molestiae earum magnam cupiditate eligendi atque veniam.',1,'2019-08-20 22:04:00','2019-08-20 22:04:00'),(104,8,'Llewellyn White','Dolorem eos ad dolores pariatur. Dolorem fugit molestiae asperiores ullam aperiam eius. Illum quam distinctio laborum rerum corrupti.',4,'2019-08-20 22:04:00','2019-08-20 22:04:00'),(105,35,'Prof. Granville Sanford','Ad numquam soluta dolor molestias atque explicabo cum. Eos sit suscipit quia voluptatem.',2,'2019-08-20 22:04:00','2019-08-20 22:04:00'),(106,30,'Mrs. Nella Baumbach','Repudiandae eius iste provident pariatur aliquid ut. Quas dolores tempore id dolores ea. Voluptas ipsam itaque libero. Cum dolorem velit eos quo suscipit mollitia ducimus.',5,'2019-08-20 22:04:00','2019-08-20 22:04:00'),(107,49,'Dr. Raoul Smith IV','Quaerat animi sit ad at. Quasi ut et quo non consequatur molestias autem. Unde illo voluptas libero laborum voluptatibus.',1,'2019-08-20 22:04:00','2019-08-20 22:04:00'),(108,25,'Brendon Harvey','Culpa cupiditate aut possimus accusamus totam quas. Velit esse ut rerum enim suscipit. Voluptas et praesentium modi itaque harum.',1,'2019-08-20 22:04:00','2019-08-20 22:04:00'),(109,34,'Javier Reinger','Ut omnis quis reprehenderit ut ut in. Quo voluptas mollitia quo et. Dolores doloremque consectetur alias dolorem et sed.',3,'2019-08-20 22:04:00','2019-08-20 22:04:00'),(110,4,'Willis Padberg','Doloremque ducimus impedit iure tenetur quisquam expedita. Cumque error consequuntur veniam nulla voluptatibus reprehenderit quaerat. Repellendus quasi et reiciendis illum expedita ea.',5,'2019-08-20 22:04:00','2019-08-20 22:04:00'),(111,15,'Prof. Damien Hegmann','Consequatur maiores totam non provident molestias in esse. Et velit aspernatur eum voluptas voluptate expedita. Id officia quibusdam distinctio est qui quam ratione et.',4,'2019-08-20 22:04:00','2019-08-20 22:04:00'),(112,27,'Hassie Konopelski','Nihil explicabo esse ut iste et expedita. Expedita autem atque quia quod. Unde et voluptates maxime labore quasi. Optio similique natus aut in.',2,'2019-08-20 22:04:00','2019-08-20 22:04:00'),(113,33,'Luz Ratke','Aliquid commodi et qui sint sapiente. Molestias ex dolorem accusantium est velit accusamus. Culpa quaerat ullam placeat consequatur ut a quis. Aut autem sequi quia ad sequi eum autem. Architecto autem unde ea eaque tempore repellendus.',5,'2019-08-20 22:04:00','2019-08-20 22:04:00'),(114,36,'Vance Jerde','Quia aspernatur mollitia nobis qui laboriosam doloribus dolores. Aut eos tempora eos accusamus. Totam praesentium maxime velit fugiat quod id. Sint voluptates omnis quos perferendis.',0,'2019-08-20 22:04:00','2019-08-20 22:04:00'),(115,49,'Mr. Hipolito Hammes','Ut occaecati doloremque nesciunt consequatur odio non. Quidem est et minima iure nam beatae dicta et. Officia impedit est eum quia.',1,'2019-08-20 22:04:01','2019-08-20 22:04:01'),(116,50,'Elissa Cole','Voluptates quasi ab est provident. Maiores eius occaecati vero nemo error. Optio et non voluptatem qui nemo nesciunt et sint.',1,'2019-08-20 22:04:01','2019-08-20 22:04:01'),(117,27,'Velda Rutherford','Illum tenetur alias hic cupiditate vitae architecto autem facilis. Deserunt accusamus dolores doloribus quae earum consectetur quia velit. Ut iure unde non molestias. Hic veniam praesentium fuga at.',0,'2019-08-20 22:04:01','2019-08-20 22:04:01'),(118,13,'Mr. Rahul Runolfsson I','Qui et fuga enim ullam atque est mollitia. Vel quis et omnis harum ipsa. Tempora ut sint similique quos quam. Odit nostrum odio repudiandae repudiandae. Delectus maiores provident illum delectus officiis.',3,'2019-08-20 22:04:01','2019-08-20 22:04:01'),(119,25,'Prof. Jayson Daugherty','Deserunt fuga possimus voluptatem tenetur suscipit. Eos soluta voluptatem sed omnis nobis et suscipit. Ad suscipit sunt enim velit. Eligendi saepe ullam dolor voluptas ab dolores.',1,'2019-08-20 22:04:01','2019-08-20 22:04:01'),(120,48,'Mr. Reid Lakin','Expedita cupiditate a animi nihil dolores. Laborum magnam ut rerum iusto ut. Inventore beatae modi vero ut et qui.',2,'2019-08-20 22:04:01','2019-08-20 22:04:01'),(121,10,'Milan Ortiz','Esse aut nihil non sit aperiam perspiciatis ut dolore. Perspiciatis illo inventore aut ipsa. Ut id ratione deleniti rerum. Voluptatem officiis sequi similique in eveniet impedit.',4,'2019-08-20 22:04:01','2019-08-20 22:04:01'),(122,28,'Katherine Wilderman','Sit et saepe esse ut corporis. Illo sit sit laudantium commodi. Sit iure aliquam voluptas velit possimus. Accusamus neque est quis nostrum mollitia laudantium. Ad error dolores nisi aut.',1,'2019-08-20 22:04:01','2019-08-20 22:04:01'),(123,8,'Prof. Arlene Parisian V','Hic iure ut eum ut error nihil culpa. Sunt velit repellat est eum autem id. Fugiat atque velit quos doloribus. Totam soluta architecto vero laboriosam nisi quia harum consequatur.',4,'2019-08-20 22:04:01','2019-08-20 22:04:01'),(124,16,'Sid Wolf','Labore accusamus quos ipsum nisi similique id rerum. Asperiores autem autem quia incidunt nisi velit. Et consequatur architecto et et ad accusantium autem deleniti.',1,'2019-08-20 22:04:01','2019-08-20 22:04:01'),(125,49,'Polly Barton','Modi veritatis placeat ex ex. Rerum sint qui voluptatem. Et qui qui nobis.',4,'2019-08-20 22:04:01','2019-08-20 22:04:01'),(126,19,'Margaret Greenfelder','Velit nisi dolorem odit sed illo. Sunt id rerum dolor quis.',4,'2019-08-20 22:04:01','2019-08-20 22:04:01'),(127,38,'Dr. Camden Lang','Culpa et voluptatum ad consequuntur. Autem esse soluta sit quo inventore accusamus unde et. Quidem ipsam vel consequuntur aliquid. Animi reprehenderit et officia ducimus.',4,'2019-08-20 22:04:01','2019-08-20 22:04:01'),(128,42,'Dr. Malika Murazik I','Exercitationem aut eos expedita dolorem omnis aperiam. Praesentium labore doloremque nihil est.',5,'2019-08-20 22:04:01','2019-08-20 22:04:01'),(129,19,'Prof. Hal Beatty','Ut officia ad a possimus eos a. Aut nostrum dolorem aut. Vel cumque dolorum adipisci sequi modi vel.',3,'2019-08-20 22:04:01','2019-08-20 22:04:01'),(130,39,'Casey Blick','Inventore nam culpa minima voluptatem est itaque ut. Sit sit assumenda velit nihil aspernatur. In placeat soluta nisi dolores cum ea dicta. Quos non assumenda quia ea corrupti vero repellendus.',0,'2019-08-20 22:04:01','2019-08-20 22:04:01'),(131,3,'Walton Dibbert III','Qui dolore omnis modi ipsa excepturi. Voluptate aperiam exercitationem autem qui est vitae quos. Odio ut esse distinctio dolores laudantium.',5,'2019-08-20 22:04:01','2019-08-20 22:04:01'),(132,25,'Louisa Wintheiser','Id maiores quod necessitatibus quisquam blanditiis. Consequatur inventore numquam ea omnis sed.',0,'2019-08-20 22:04:01','2019-08-20 22:04:01'),(133,37,'Fay Botsford','Non minima et quam sed ut dolores itaque ea. Sint harum aspernatur exercitationem. Porro perferendis sit et doloremque qui.',3,'2019-08-20 22:04:01','2019-08-20 22:04:01'),(134,48,'Rebeka Daugherty','Totam et quia vel rerum nulla. Repellat omnis aspernatur cupiditate voluptatem saepe.',5,'2019-08-20 22:04:01','2019-08-20 22:04:01'),(135,42,'Stefan Erdman','Dolore est et corporis autem et laboriosam quasi. Nostrum delectus et et autem. Nobis sed quia corporis est magni pariatur. Minus distinctio harum consequuntur et.',2,'2019-08-20 22:04:01','2019-08-20 22:04:01'),(136,32,'Mr. Adrain Stokes MD','Neque illo veniam est at consequatur. Ea voluptatem est expedita id.',0,'2019-08-20 22:04:02','2019-08-20 22:04:02'),(137,7,'Avery Hagenes','Quae placeat qui et. Consectetur fuga tempore totam explicabo. Cumque similique aliquid praesentium quisquam quos. Voluptatem ullam asperiores voluptatum quas consequuntur. Sit sunt corrupti alias.',5,'2019-08-20 22:04:02','2019-08-20 22:04:02'),(138,12,'Christopher Stark','Et quas dolorem modi rerum voluptatem minima. Et eum cumque quibusdam cum eaque cupiditate. Atque incidunt vel accusamus sunt fugiat quod. Nostrum sint praesentium aut.',2,'2019-08-20 22:04:02','2019-08-20 22:04:02'),(139,20,'Estevan Conn','Ipsum dolorem ut magni vitae hic atque. Numquam voluptas quod velit doloribus blanditiis ducimus ab. A debitis aliquam perspiciatis natus enim rem repellat.',4,'2019-08-20 22:04:02','2019-08-20 22:04:02'),(140,30,'Andres Kerluke V','Fugiat error officiis consequatur omnis et iusto unde. Est quo aut incidunt nulla labore ducimus repudiandae autem. Ut quaerat ut nesciunt dolorum doloribus ipsam occaecati. Rerum ab velit sed omnis nobis.',3,'2019-08-20 22:04:02','2019-08-20 22:04:02'),(141,20,'Mossie Glover','Et quaerat voluptas provident et sequi eveniet reprehenderit. Sequi cumque quas quo officia. Dolor debitis dolor laborum sunt. Quae quia repellendus doloremque fugit.',2,'2019-08-20 22:04:02','2019-08-20 22:04:02'),(142,9,'Ludwig Emard','Qui ut ut accusantium et officiis. Sequi perferendis iusto saepe aut provident distinctio. Quaerat assumenda odio recusandae consequatur minus assumenda iusto. Sequi iusto qui voluptate. Quod quo est quam qui corrupti est ut sit.',2,'2019-08-20 22:04:02','2019-08-20 22:04:02'),(143,22,'Prof. Ceasar Kozey III','Eum fugiat et sit atque repellendus fuga ut. Rerum quibusdam exercitationem omnis ab. Iure dignissimos et hic libero voluptatem.',1,'2019-08-20 22:04:02','2019-08-20 22:04:02'),(144,8,'Mallory Hauck','Dolorum quo commodi modi rerum est. Distinctio aliquam qui dolore explicabo atque praesentium quidem. Vel numquam voluptatem pariatur voluptatem. Nemo soluta fuga perferendis aut iusto nihil et voluptatem.',0,'2019-08-20 22:04:02','2019-08-20 22:04:02'),(145,8,'Mr. Pablo Huel','Numquam qui enim maiores quaerat. Laudantium debitis molestiae laudantium sit minima et adipisci. Numquam unde ea quod aut. Temporibus reprehenderit et blanditiis consequatur voluptatibus.',3,'2019-08-20 22:04:02','2019-08-20 22:04:02'),(146,8,'Ms. Odessa Schinner III','Error culpa sint et voluptas explicabo. Qui neque possimus itaque. Ea dolor non fuga enim excepturi cum.',0,'2019-08-20 22:04:02','2019-08-20 22:04:02'),(147,5,'Mr. Donny Block','Aliquid soluta consequuntur cupiditate corrupti. Placeat qui placeat fuga vero earum qui et. Vitae voluptatem est odio deleniti.',5,'2019-08-20 22:04:02','2019-08-20 22:04:02'),(148,26,'Tatyana Smitham','Explicabo deserunt alias ut quia nulla consequatur magnam. Culpa nihil eligendi aliquam odio. Esse et at error sed ab consequatur rem. Debitis eaque in veniam vero. Ad nihil ea delectus similique id iusto debitis.',1,'2019-08-20 22:04:02','2019-08-20 22:04:02'),(149,41,'Julien Hand','Nobis earum cumque cum sed esse. Omnis maxime quaerat natus voluptatem. Quisquam nam temporibus et qui quis sint.',1,'2019-08-20 22:04:02','2019-08-20 22:04:02'),(150,10,'Danny Zboncak','Similique sit nostrum similique tempore accusantium nobis rem. Quo quidem reprehenderit quaerat veniam et iste dolores. Sit ullam aut sequi et. Maiores est eum omnis sunt eius.',0,'2019-08-20 22:04:02','2019-08-20 22:04:02'),(151,21,'Royce Howell','Non asperiores adipisci et et explicabo. Neque qui modi vero ut asperiores. Asperiores sed est hic laudantium voluptatem odit. Quidem aut corporis velit deserunt sint voluptatem. Necessitatibus dolores odit vel minima natus quia odio.',0,'2019-08-20 22:04:02','2019-08-20 22:04:02'),(152,14,'Mrs. Eleanora McKenzie','Earum ullam aut iste aut nesciunt. Qui et quod rem veritatis magni. Reiciendis laboriosam quibusdam quidem sit. Aut distinctio praesentium reiciendis qui rerum eos.',2,'2019-08-20 22:04:02','2019-08-20 22:04:02'),(153,43,'Dino Altenwerth II','Distinctio rerum voluptatem voluptatibus corporis quia. Sint eligendi ipsam ipsa adipisci dolorem et. Veniam odio harum autem suscipit vero ipsam.',3,'2019-08-20 22:04:02','2019-08-20 22:04:02'),(154,26,'Dorothy Witting','Aut saepe ipsam veniam est doloribus. Consequuntur id harum eaque earum consequatur dolor. Et voluptatum aliquid voluptas est excepturi. Saepe asperiores fugiat error sunt odit asperiores soluta accusamus.',3,'2019-08-20 22:04:02','2019-08-20 22:04:02'),(155,42,'Landen Friesen I','Est magnam rerum laborum. Necessitatibus tempora placeat itaque quibusdam tempora illum. Eaque voluptate qui aut temporibus. Qui odio et fugiat at.',4,'2019-08-20 22:04:03','2019-08-20 22:04:03'),(156,22,'Dr. Aletha Eichmann','Voluptatem quo odit repellendus temporibus voluptate cupiditate. In accusamus et sit voluptas laudantium. Sed sit mollitia autem cumque ut illum soluta nisi. Modi vel molestiae eveniet vero.',4,'2019-08-20 22:04:03','2019-08-20 22:04:03'),(157,30,'Judson Willms PhD','Amet unde at qui sed. Nemo facere voluptatibus quas illum. Sunt sed dolorem aliquam doloribus repellendus minus quia. Distinctio sit necessitatibus ratione molestiae labore ex sequi.',5,'2019-08-20 22:04:03','2019-08-20 22:04:03'),(158,1,'Prof. Lowell Little V','Natus et sunt iusto magni a. Similique tempora est quae quia. Ut aperiam et officia omnis nulla quam.',4,'2019-08-20 22:04:03','2019-08-20 22:04:03'),(159,22,'Chesley Morissette','Expedita consectetur incidunt quidem blanditiis est dolorem. Ad in laboriosam corporis tempora culpa aut.',1,'2019-08-20 22:04:03','2019-08-20 22:04:03'),(160,12,'Augustus Yundt','In aut sit est deserunt corporis. Omnis possimus quia animi. Aut occaecati cum harum tempora ut totam.',1,'2019-08-20 22:04:03','2019-08-20 22:04:03'),(161,6,'Stephon Mann','Dolorem aut non deleniti eos. Ab vero libero velit sint deserunt distinctio similique. Veritatis quod nemo omnis corporis nulla aut. Explicabo cumque nobis nesciunt ea eos.',1,'2019-08-20 22:04:03','2019-08-20 22:04:03'),(162,33,'Christiana Kerluke','Fugiat ea vel eum non cupiditate. Praesentium maiores reprehenderit est. Facilis molestias facere delectus et corrupti quaerat.',0,'2019-08-20 22:04:03','2019-08-20 22:04:03'),(163,31,'Eloise Flatley','Doloribus blanditiis aut reiciendis dolorum. Earum est iure qui asperiores iure numquam eum. Suscipit repudiandae sed sunt velit eveniet reiciendis ipsum cupiditate. Temporibus non sed dolores et tempora eveniet quibusdam quia.',5,'2019-08-20 22:04:03','2019-08-20 22:04:03'),(164,26,'Ms. Esperanza Berge','Quod iste aut omnis cumque repudiandae voluptas soluta. Adipisci consectetur occaecati ut magnam.',0,'2019-08-20 22:04:03','2019-08-20 22:04:03'),(165,46,'Dr. Heber Thiel','Iusto rem quia aliquid qui dignissimos qui. Est aliquam aut consequuntur. Ea dolore quisquam eum est. Delectus blanditiis hic praesentium nostrum.',5,'2019-08-20 22:04:03','2019-08-20 22:04:03'),(166,3,'Orion Frami','Praesentium architecto modi temporibus aspernatur. Est aut quaerat odio perferendis. Repellat earum enim non omnis quia debitis maiores. Consequatur aut ea nam laudantium consequatur ut blanditiis. Eum ut voluptatem qui illo nostrum quis.',5,'2019-08-20 22:04:03','2019-08-20 22:04:03'),(167,38,'Dashawn Douglas','Quia aut minima sed ut unde adipisci error. Ut quia voluptas placeat alias ea ut non. Itaque beatae maiores voluptas quas suscipit. Recusandae repellendus nostrum rerum et numquam.',4,'2019-08-20 22:04:03','2019-08-20 22:04:03'),(168,45,'Prof. Marlin Hintz Sr.','Aut nemo sapiente quam quia voluptas impedit. Sed sapiente harum deleniti vel voluptatem architecto et beatae. Aut minus qui enim amet.',5,'2019-08-20 22:04:03','2019-08-20 22:04:03'),(169,45,'Dr. Jammie Bernier Sr.','Et quae consectetur nulla atque ab. Dicta delectus facilis velit iusto. Aut et cum eius praesentium non corrupti architecto.',1,'2019-08-20 22:04:03','2019-08-20 22:04:03'),(170,7,'Louvenia Paucek','Cum quos similique autem molestiae ut. Voluptatibus reiciendis officia quidem sed similique. Architecto aut sunt est tempora qui distinctio molestiae autem.',0,'2019-08-20 22:04:03','2019-08-20 22:04:03'),(171,23,'Tamara Thompson','Explicabo ipsam et nisi iste nostrum non et. Facilis aliquid voluptatem atque voluptatem eos ut. Fuga officiis porro numquam.',1,'2019-08-20 22:04:03','2019-08-20 22:04:03'),(172,16,'Myriam Kertzmann DDS','Nihil et perferendis id est officia. Laboriosam et sit sit vel est pariatur. Recusandae voluptas consequatur neque.',1,'2019-08-20 22:04:03','2019-08-20 22:04:03'),(173,35,'Augusta Shanahan','Non blanditiis voluptas aut nostrum. At nobis architecto alias. Animi animi velit fuga repellendus sint explicabo distinctio.',4,'2019-08-20 22:04:03','2019-08-20 22:04:03'),(174,19,'Ron Murazik','Omnis voluptatem ipsa quas qui. Aperiam ex ut distinctio eos porro. Mollitia molestiae ad nemo enim ea commodi.',5,'2019-08-20 22:04:03','2019-08-20 22:04:03'),(175,10,'Mr. Roy Hahn','Et facilis rerum quam atque voluptas voluptatum. Est neque et dolorem id et. Ex aut placeat rem magni eos et. Voluptatem et est corporis dolores et excepturi iure.',4,'2019-08-20 22:04:04','2019-08-20 22:04:04'),(176,12,'Webster Lubowitz II','Dolorem non et porro asperiores consequatur omnis. Cupiditate quasi tempore dicta ipsam id sapiente quae. Eos fugit voluptas facere ipsa vel consequatur iusto.',5,'2019-08-20 22:04:04','2019-08-20 22:04:04'),(177,5,'Dr. Nannie Haley V','Omnis repudiandae aut tenetur minima dolore voluptas dolor. Rerum qui dignissimos itaque molestias veritatis illum porro. Aut animi facere quaerat qui.',4,'2019-08-20 22:04:04','2019-08-20 22:04:04'),(178,36,'Percy Romaguera','Voluptatum voluptas sapiente eum qui enim enim consequatur dolores. Non quo sit labore saepe. Rerum eum voluptatem reprehenderit eum voluptatibus cumque quia.',0,'2019-08-20 22:04:04','2019-08-20 22:04:04'),(179,26,'Gage Beahan','Quod debitis possimus voluptatem aliquid magni nisi non quos. Omnis ut sapiente et suscipit aliquid et architecto. Voluptatem est eligendi quis iste similique velit. Eos sed ipsum omnis tempore.',5,'2019-08-20 22:04:04','2019-08-20 22:04:04'),(180,2,'Orin Kiehn MD','Et iure autem quis laborum vel. Blanditiis est aliquid magni ut. Vel dignissimos consequatur numquam qui.',0,'2019-08-20 22:04:04','2019-08-20 22:04:04'),(181,9,'Mr. Taurean Simonis DDS','Molestias soluta et error qui. Officia aut est ad aspernatur est sed ut perferendis. Et corporis soluta et deserunt quo.',3,'2019-08-20 22:04:04','2019-08-20 22:04:04'),(182,26,'Mrs. Cristal Gusikowski','Ut et natus non fugit. Consequatur delectus ea dolorem ratione magnam eligendi et aut. Animi asperiores facilis quae magni et fugiat. Est esse accusantium nesciunt dolorum quidem.',2,'2019-08-20 22:04:04','2019-08-20 22:04:04'),(183,9,'Ms. Shana Fisher DVM','Quaerat suscipit rerum doloremque tempore soluta enim. Eaque repellat sed tempora omnis sit. Blanditiis aspernatur adipisci enim ut tempora velit eos.',0,'2019-08-20 22:04:04','2019-08-20 22:04:04'),(184,32,'Ophelia McLaughlin','Rem quo dolor sit ex est natus quas voluptas. Impedit in quo aut quis ipsum ut. Distinctio possimus laudantium consectetur. Nam sit et eius.',1,'2019-08-20 22:04:04','2019-08-20 22:04:04'),(185,13,'Miss Keara Grimes','Adipisci autem voluptas consequatur atque. Iure ut cupiditate et necessitatibus praesentium similique. Omnis tempora tempora facere ut consectetur voluptas ea. Enim qui laudantium nemo aut et.',4,'2019-08-20 22:04:04','2019-08-20 22:04:04'),(186,41,'Gaylord Renner','Aliquid fugit veritatis culpa voluptas. Tempore quia porro rerum. Placeat saepe labore nobis officiis. Totam placeat totam quos perspiciatis repellat qui illo.',0,'2019-08-20 22:04:04','2019-08-20 22:04:04'),(187,13,'Kevon Collier','Delectus commodi ut earum ducimus. Error quisquam facere alias quam velit. Laborum et vero et et. Doloremque sed quae aliquid accusantium in optio et.',0,'2019-08-20 22:04:04','2019-08-20 22:04:04'),(188,3,'Sylvan Hickle','Aut vel laborum eveniet quae. Earum cupiditate qui excepturi rerum tempora. Ducimus veniam quod recusandae autem expedita rem consequatur. Sequi soluta placeat optio distinctio sed.',5,'2019-08-20 22:04:04','2019-08-20 22:04:04'),(189,36,'Prof. Arlo Dare','Sit et perferendis dolores animi minus similique atque. Facere nesciunt culpa quam quidem. Corrupti velit et quos. Nemo eligendi consectetur illo excepturi ducimus neque.',2,'2019-08-20 22:04:04','2019-08-20 22:04:04'),(190,14,'Clint Braun','Ratione deserunt vero eaque quod sit quo. A illum dolore et exercitationem sunt. Molestiae perspiciatis sed nesciunt at aliquid in aut et.',3,'2019-08-20 22:04:04','2019-08-20 22:04:04'),(191,20,'Ahmed Romaguera PhD','Ut quos fugit adipisci. Eum et ullam aut ut praesentium veritatis. Iste ab natus et quas. Corporis eum occaecati quo expedita rem.',3,'2019-08-20 22:04:04','2019-08-20 22:04:04'),(192,20,'Maiya Hagenes','Odio unde asperiores voluptate rerum voluptas. Hic aut ut perferendis. Aliquam omnis non reiciendis architecto ratione perferendis et inventore. Qui molestias et repellendus qui facere et alias.',1,'2019-08-20 22:04:04','2019-08-20 22:04:04'),(193,47,'Heather Hansen II','Id rerum facilis cupiditate voluptate. Delectus quis eius est quae sed architecto sed. Et accusantium incidunt veniam recusandae. Et magnam non et et.',5,'2019-08-20 22:04:05','2019-08-20 22:04:05'),(194,36,'Tiffany Swaniawski','Quidem vitae ut ducimus sed est. Et illum repellat autem laborum. Et ut reprehenderit natus et in nisi reiciendis. Voluptatibus excepturi sed quae sapiente blanditiis adipisci molestiae.',2,'2019-08-20 22:04:05','2019-08-20 22:04:05'),(195,11,'Foster Jerde','Expedita iste necessitatibus aut. Est id aut aperiam assumenda. Suscipit cumque aut rerum aliquid tenetur aut debitis. Nulla quis omnis doloribus molestiae.',3,'2019-08-20 22:04:05','2019-08-20 22:04:05'),(196,17,'Prof. Riley Effertz','Dolorum dolorem earum laudantium eveniet hic ea in itaque. Et ratione enim voluptate dolor non. Aut vitae vitae accusantium voluptate maiores in enim.',3,'2019-08-20 22:04:05','2019-08-20 22:04:05'),(197,41,'Wyman Yost Jr.','Ut voluptatem molestiae cum cupiditate saepe provident. Voluptatem nemo qui facere velit blanditiis.',4,'2019-08-20 22:04:05','2019-08-20 22:04:05'),(198,19,'Darrel Rohan','Qui minus error omnis voluptatem iste natus quibusdam. Magni est impedit quo laborum omnis nam voluptas. Quasi beatae cupiditate et occaecati sint.',1,'2019-08-20 22:04:05','2019-08-20 22:04:05'),(199,33,'Tessie Wilkinson','Veniam quis sapiente fuga rerum. Accusamus enim harum eum corrupti qui nulla facilis. Et maiores et aut sint distinctio. Distinctio nisi necessitatibus voluptatem nam repellendus aut est. Modi cumque eum ad id voluptas sed fugiat voluptate.',0,'2019-08-20 22:04:05','2019-08-20 22:04:05'),(200,37,'Kaylah Koepp I','Est nam consequuntur in repellendus non in ad qui. Nisi laborum adipisci voluptas aut illo unde officiis voluptatem. Debitis qui distinctio et sequi. Minima ut consequatur dolorum nulla debitis.',2,'2019-08-20 22:04:05','2019-08-20 22:04:05'),(201,30,'Jedidiah Wilderman','A eligendi sequi necessitatibus doloremque dolorum. Rerum natus neque sint recusandae placeat nobis. In omnis soluta cupiditate aut dolores corrupti fuga.',3,'2019-08-20 22:04:05','2019-08-20 22:04:05'),(202,32,'Cleta Bailey Sr.','Iusto aut incidunt velit autem nihil. Aut commodi quasi optio tenetur natus placeat. Est nobis pariatur voluptatem. Atque quaerat et aut repudiandae quisquam eos incidunt.',5,'2019-08-20 22:04:05','2019-08-20 22:04:05'),(203,7,'Dr. Laurie Metz PhD','Voluptatem qui eum ea rem consequuntur. Optio labore facilis facere molestiae aut aliquam. Dolorum et voluptatem sed. Deleniti et eligendi facere corrupti est aut deserunt qui.',2,'2019-08-20 22:04:05','2019-08-20 22:04:05'),(204,50,'Miss Nedra Marks MD','Debitis quisquam velit iste magni. Excepturi facere saepe illum. Amet illum voluptatem a rerum voluptatem magnam doloribus. Possimus quia neque fuga dolorem. Sunt magni dicta reiciendis quibusdam recusandae voluptatem dolor.',4,'2019-08-20 22:04:05','2019-08-20 22:04:05'),(205,27,'Lamont Cartwright','In eligendi iste ut et qui provident omnis. Sit est possimus ea consequatur. Molestiae hic et est et. Placeat commodi aperiam sunt incidunt.',0,'2019-08-20 22:04:05','2019-08-20 22:04:05'),(206,18,'Prof. Newell Haley','Sed odit est fuga delectus libero quasi ut. Unde provident maiores totam perferendis provident nulla. Pariatur iste voluptatem dicta quisquam odio et magnam odio. Dolor perferendis dolore expedita blanditiis quae perferendis quam.',4,'2019-08-20 22:04:05','2019-08-20 22:04:05'),(207,10,'Guido Crooks','Incidunt ad voluptatem ea. Aut veritatis sed ut saepe qui assumenda nisi. Et numquam autem fuga beatae quisquam recusandae vitae. Quod voluptatem voluptatem eveniet dignissimos.',5,'2019-08-20 22:04:05','2019-08-20 22:04:05'),(208,32,'Dr. Ahmad Reilly I','Nihil beatae sequi non quo maxime maxime. Vitae nesciunt numquam adipisci voluptatibus perspiciatis. Ratione aut id eligendi voluptates sunt debitis voluptate. Iusto enim placeat sequi rerum eum quod.',3,'2019-08-20 22:04:05','2019-08-20 22:04:05'),(209,35,'Janiya Hickle','Aperiam nobis est aspernatur suscipit. Sint ut soluta ipsam consequatur. Suscipit et error fugit.',3,'2019-08-20 22:04:05','2019-08-20 22:04:05'),(210,10,'Turner Jones','Maxime aspernatur et est quidem dolorem iste. Dolor beatae ad voluptatem nostrum nesciunt asperiores. Quisquam placeat sint quia animi aut delectus quis. Velit sapiente quod sit laborum.',3,'2019-08-20 22:04:05','2019-08-20 22:04:05'),(211,24,'Hubert Nitzsche DDS','Culpa exercitationem sit sit odio. Libero enim nobis quos et. Blanditiis voluptas dolores incidunt qui adipisci quo sint quam. Explicabo labore velit sit animi explicabo perspiciatis sed magni.',2,'2019-08-20 22:04:05','2019-08-20 22:04:05'),(212,16,'Dr. Dedrick Rippin MD','Voluptatibus asperiores cumque aspernatur quaerat porro. Odit enim ut quod id aperiam dignissimos eaque. Vel est qui qui et.',2,'2019-08-20 22:04:05','2019-08-20 22:04:05'),(213,1,'Adolph Hoeger I','Consequatur in nihil eum quos nisi similique. Libero facilis deleniti id odit incidunt. Quis omnis facilis quo dolores et praesentium nobis. Placeat numquam repellendus quidem ab unde est ullam.',1,'2019-08-20 22:04:05','2019-08-20 22:04:05'),(214,13,'Marilyne Gerhold','Recusandae qui molestiae veniam. Amet ipsum vel aperiam tenetur non. Enim voluptatem rerum fugiat alias quis aut.',5,'2019-08-20 22:04:05','2019-08-20 22:04:05'),(215,2,'Clinton Beer III','Sit aut exercitationem magnam. Nihil ea aliquid esse sed. Ullam numquam voluptatum cumque quam quia.',1,'2019-08-20 22:04:06','2019-08-20 22:04:06'),(216,21,'Mr. Evert Fadel','Quo qui doloremque culpa tempora ut iste deleniti. Cumque non perspiciatis numquam amet praesentium. Itaque alias ut molestiae. Consectetur consequatur rem voluptatibus.',1,'2019-08-20 22:04:06','2019-08-20 22:04:06'),(217,25,'Lexie Heidenreich','Quos aut omnis tempora sint consequatur porro. Eaque saepe a dolorem quos quo rem voluptatem. Ratione rerum maiores amet et pariatur. Nulla voluptas impedit id est laudantium quisquam. Exercitationem dolores sunt consequatur aut veritatis unde consequatur minus.',5,'2019-08-20 22:04:06','2019-08-20 22:04:06'),(218,47,'Gage Fay II','Et voluptas possimus dolore hic a eum laudantium. Architecto error tempore autem rerum aut et molestiae. Quo doloremque quas odio enim quia quo qui.',0,'2019-08-20 22:04:06','2019-08-20 22:04:06'),(219,35,'Leif Okuneva','Animi recusandae fugit explicabo maiores perferendis perspiciatis. Dolores blanditiis minus neque perferendis blanditiis minima veritatis. Molestiae eveniet vel libero fugiat. Dolorum sed adipisci harum qui saepe.',1,'2019-08-20 22:04:06','2019-08-20 22:04:06'),(220,37,'Anabel Watsica','Aut ut qui sint aliquam. Velit illum perspiciatis consequatur ut dolorem enim tempora. Quisquam ex distinctio tenetur voluptatibus vitae modi mollitia.',2,'2019-08-20 22:04:06','2019-08-20 22:04:06'),(221,1,'Darrion Mante IV','Vel facilis voluptas enim nisi consequatur eligendi omnis. Sit odit enim et iste vel vel sint. Ipsam ut sit aliquid porro est hic quo. Culpa in a et qui doloremque. Iusto beatae ab eos natus dignissimos et.',1,'2019-08-20 22:04:06','2019-08-20 22:04:06'),(222,47,'Ewell Gleichner','Et nihil iste ipsa veniam libero repellendus. Debitis totam inventore iure saepe ea. Nulla qui unde consequatur rem. Ipsum sed facere laudantium nobis unde.',2,'2019-08-20 22:04:06','2019-08-20 22:04:06'),(223,48,'Maddison Hartmann','Deleniti facere provident sed eaque. Aut fugit quos reprehenderit possimus. Corporis quidem explicabo aut omnis ea accusantium ducimus. Molestiae at exercitationem ut officia nihil ab et.',0,'2019-08-20 22:04:06','2019-08-20 22:04:06'),(224,24,'Brown Dickens DDS','Consequatur sunt voluptatem voluptatibus non amet esse. Error expedita eos qui labore possimus.',2,'2019-08-20 22:04:06','2019-08-20 22:04:06'),(225,32,'Mr. Fredrick Witting MD','Sapiente quas ipsum reiciendis voluptates. Quas quo quia voluptatum rerum eaque dolorum. Atque et est iusto quos aut accusamus.',5,'2019-08-20 22:04:06','2019-08-20 22:04:06'),(226,40,'Rasheed Schaden I','Molestias et numquam occaecati error deleniti culpa. Autem maxime autem quaerat perspiciatis voluptatibus illo. Natus odio distinctio sint nam architecto. Rerum voluptatem enim dolor qui adipisci vel quia.',4,'2019-08-20 22:04:06','2019-08-20 22:04:06'),(227,33,'Prof. Favian Gaylord MD','Doloribus ducimus eaque et ducimus earum officia. Laborum est aperiam nisi enim. Distinctio quis id necessitatibus quos.',4,'2019-08-20 22:04:06','2019-08-20 22:04:06'),(228,43,'Kelly Klein IV','Aut aut repellendus et pariatur facere est. Tempora delectus aut eius natus laboriosam reprehenderit. Deserunt nulla expedita corporis doloremque in et placeat.',0,'2019-08-20 22:04:06','2019-08-20 22:04:06'),(229,41,'Nicole Orn','Qui et fugiat accusamus eum dolorum qui et. Iste sed neque iure dicta. A ut laborum earum non.',2,'2019-08-20 22:04:06','2019-08-20 22:04:06'),(230,39,'Dr. Robyn Bednar V','Rerum velit voluptas nihil voluptatum tempora consectetur voluptatibus. Voluptatibus sunt nobis expedita rem. Qui qui provident aspernatur officia.',0,'2019-08-20 22:04:06','2019-08-20 22:04:06'),(231,1,'Brown Wyman','Quam fugit et a atque quasi. Ratione cum et provident saepe. Quas alias quo explicabo voluptatum voluptatem ea omnis.',1,'2019-08-20 22:04:06','2019-08-20 22:04:06'),(232,6,'Prof. Leda Aufderhar','Aperiam et debitis excepturi quasi. Dignissimos impedit aliquam omnis adipisci dicta quis maiores. Non facilis omnis eum voluptas nihil. Quidem fuga inventore fugiat est cupiditate facere. Architecto fugiat qui enim minima iure rerum impedit.',4,'2019-08-20 22:04:06','2019-08-20 22:04:06'),(233,1,'King Flatley','Nihil sunt doloremque et et libero beatae. Et ea aut et natus.',3,'2019-08-20 22:04:06','2019-08-20 22:04:06'),(234,37,'Phoebe Lind','Aliquam impedit sed ut libero aut. Sed beatae voluptatum eos voluptas magni. At sapiente eum nisi error ea.',0,'2019-08-20 22:04:06','2019-08-20 22:04:06'),(235,45,'Mr. German Will I','Similique cum non animi ut. Repellendus ad inventore temporibus veritatis. Exercitationem reprehenderit ducimus modi quas et sunt at.',5,'2019-08-20 22:04:06','2019-08-20 22:04:06'),(236,25,'Christina Kozey','Aut harum voluptatum dicta quaerat molestiae quos doloribus. Sint ipsum repellat voluptatibus quia ut. Et aliquid laudantium dolores commodi praesentium.',0,'2019-08-20 22:04:06','2019-08-20 22:04:06'),(237,44,'Aleen Gutmann','Expedita distinctio officiis est. Qui sequi necessitatibus aut et est. Et qui ipsum nisi nihil dignissimos illo dolores.',0,'2019-08-20 22:04:07','2019-08-20 22:04:07'),(238,14,'Ned Bernier','Fuga consequatur voluptates doloribus perspiciatis distinctio alias. Sit dolores quia nobis ea id id. Saepe esse non dolor saepe et amet praesentium.',1,'2019-08-20 22:04:07','2019-08-20 22:04:07'),(239,29,'Chanel Russel','Numquam autem enim consequuntur illo tempore. Aliquid eaque quia nam architecto. Perspiciatis eaque optio omnis beatae nemo officia non.',5,'2019-08-20 22:04:07','2019-08-20 22:04:07'),(240,37,'Misty Rogahn','Blanditiis dolorem quia inventore qui maxime voluptatum. Qui porro non quaerat repellendus non. Nesciunt sit neque dolor mollitia ut. Vero sed inventore facere minima sequi quia et.',0,'2019-08-20 22:04:07','2019-08-20 22:04:07'),(241,5,'Hilma Bauch','Enim modi voluptates modi aut suscipit rem. Expedita rerum et sed hic. Quasi quisquam temporibus ullam dolor est atque. Quae in quisquam consequatur blanditiis.',4,'2019-08-20 22:04:07','2019-08-20 22:04:07'),(242,16,'Reva Runolfsdottir','Sed omnis quaerat eius amet officiis aspernatur. Libero ipsa quod expedita. Sint corporis ea sapiente at officia.',0,'2019-08-20 22:04:07','2019-08-20 22:04:07'),(243,2,'Adolph Jones','Sit et in pariatur optio debitis amet enim. Officia tenetur cupiditate qui dolor minus eos. Aut neque reiciendis architecto dolorem.',1,'2019-08-20 22:04:07','2019-08-20 22:04:07'),(244,48,'Lucienne Ullrich','Ut itaque et iusto vero maiores. Velit aut qui delectus laboriosam. Animi autem et autem sit pariatur cum illo. Doloremque nemo exercitationem consequuntur blanditiis officia qui.',2,'2019-08-20 22:04:07','2019-08-20 22:04:07'),(245,15,'Prof. Isac Hirthe IV','Blanditiis dolorum similique rem tempora fuga porro eum. Voluptas assumenda impedit dolorem iure ipsam modi laboriosam. Saepe facere quia nulla fugit.',2,'2019-08-20 22:04:07','2019-08-20 22:04:07'),(246,13,'Jailyn Gutmann','Debitis illo est asperiores at. Enim minus aut blanditiis. Nihil ut vero quo iusto fuga. Laudantium reiciendis eius quas et qui odit ullam.',3,'2019-08-20 22:04:07','2019-08-20 22:04:07'),(247,41,'Dr. Alyson Funk','Nihil in esse cum in animi corrupti nisi nihil. Accusantium voluptatem sunt eum labore animi. Assumenda est voluptas molestias. Enim culpa cupiditate vitae ea et sit.',3,'2019-08-20 22:04:07','2019-08-20 22:04:07'),(248,1,'Mariah Schinner','Sunt et sit earum. Autem cum voluptatum itaque eaque error est. Ut dolorum repellendus quis qui itaque quasi aperiam dicta. Ea porro quia quia assumenda aut aspernatur ex.',1,'2019-08-20 22:04:07','2019-08-20 22:04:07'),(249,27,'Hope Boehm','Vel quo aut in ab blanditiis quam veniam. Et quia temporibus quia aut impedit occaecati omnis voluptatibus.',4,'2019-08-20 22:04:07','2019-08-20 22:04:07'),(250,39,'Adrian Streich DVM','Similique voluptas veniam delectus est. Velit voluptates dolorem aut et. Deleniti minus necessitatibus iste voluptates enim adipisci. Consequatur maxime et aut voluptatum voluptatum praesentium commodi.',1,'2019-08-20 22:04:07','2019-08-20 22:04:07'),(251,25,'Madilyn Gutmann','Similique blanditiis facilis et iusto consequuntur. Eos molestiae non aut vel et facilis quos. Similique possimus fugit sit voluptatem.',2,'2019-08-20 22:04:07','2019-08-20 22:04:07'),(252,41,'Kasey Lind','Omnis soluta et rerum necessitatibus recusandae ea. Non pariatur quia sapiente illo saepe vero. Asperiores impedit consectetur dolorem perspiciatis porro nesciunt illo.',3,'2019-08-20 22:04:07','2019-08-20 22:04:07'),(253,25,'Cristina Conn','Hic quas officiis veniam ex fuga asperiores placeat molestiae. Laborum possimus voluptatem inventore architecto ex aut. Sequi voluptatem autem velit qui. Eos cum labore accusamus voluptatibus amet.',4,'2019-08-20 22:04:08','2019-08-20 22:04:08'),(254,12,'Mathew Blick','Fuga enim aliquam deserunt eaque nam optio sit odio. Natus illum similique atque et qui.',1,'2019-08-20 22:04:08','2019-08-20 22:04:08'),(255,46,'Alf Hauck','Numquam ipsa tempore aut consequatur qui. Dolor tenetur minus adipisci assumenda et accusantium.',0,'2019-08-20 22:04:08','2019-08-20 22:04:08'),(256,14,'Daryl Bruen','Qui voluptas temporibus accusamus sint in. Quis quis alias atque enim eos quos sunt. Voluptatem iste dignissimos quis id.',4,'2019-08-20 22:04:08','2019-08-20 22:04:08'),(257,30,'Alphonso Daniel','Hic eligendi molestiae cum consequatur. Quia porro ipsum omnis et modi. Ratione eligendi nesciunt illum doloribus.',0,'2019-08-20 22:04:08','2019-08-20 22:04:08'),(258,3,'Petra Douglas','Consequuntur possimus rerum voluptatum optio id omnis. Fugit veniam possimus odio rerum nam. Est beatae et repudiandae odit. Quisquam voluptatem optio beatae.',5,'2019-08-20 22:04:08','2019-08-20 22:04:08'),(259,40,'Jordi Berge','Modi sit qui voluptas doloremque. Sapiente assumenda laborum animi officia fuga voluptates.',2,'2019-08-20 22:04:08','2019-08-20 22:04:08'),(260,33,'Katarina O\'Conner','Atque voluptatem aut ea voluptates dicta dicta. Non consectetur rem laboriosam sunt in. Et corrupti minus eaque.',2,'2019-08-20 22:04:08','2019-08-20 22:04:08'),(261,13,'Riley Rolfson','Veritatis totam at in ex. Quia nobis atque quos sint quia architecto. Enim dolorem mollitia ut similique voluptatibus enim. Rerum id totam est aspernatur consequuntur.',5,'2019-08-20 22:04:08','2019-08-20 22:04:08'),(262,8,'Charity Bode','Consequatur ipsum tempora dolores non nihil sapiente rerum. A vero labore et distinctio sapiente temporibus qui cum. Ut impedit nemo saepe quidem aspernatur est ea. Quae possimus eveniet eos qui consequatur placeat.',1,'2019-08-20 22:04:08','2019-08-20 22:04:08'),(263,25,'Daija Ferry DVM','Est maxime asperiores cum quas. Est tenetur cupiditate ut tenetur. Labore adipisci perspiciatis dignissimos omnis magnam veritatis magnam.',0,'2019-08-20 22:04:08','2019-08-20 22:04:08'),(264,30,'Eunice Klein III','Exercitationem assumenda sed quia. Doloremque reprehenderit fuga omnis qui. Debitis qui voluptates ducimus qui ea magnam. Numquam deleniti quo dolores.',3,'2019-08-20 22:04:08','2019-08-20 22:04:08'),(265,7,'Maggie Osinski','Ut quasi quis dicta qui architecto. Molestiae non et et eius nam consectetur. Perspiciatis eligendi doloribus distinctio quia. Distinctio velit ducimus id quia aut voluptas.',5,'2019-08-20 22:04:08','2019-08-20 22:04:08'),(266,39,'Shawn Terry','Quam possimus minus saepe nulla. Aut minus sunt ea ut et laboriosam recusandae aut.',4,'2019-08-20 22:04:08','2019-08-20 22:04:08'),(267,31,'Jeramie Herman','Qui sint vero earum quos enim mollitia vitae. Nisi et sed voluptatem aut doloremque aliquam eos.',2,'2019-08-20 22:04:08','2019-08-20 22:04:08'),(268,21,'Ms. Laila Erdman Sr.','Modi vero perspiciatis quo aut dolor dignissimos possimus. Nostrum reiciendis ut rerum incidunt voluptatum saepe facere. Repellendus voluptas amet consequatur dolor aut est.',1,'2019-08-20 22:04:08','2019-08-20 22:04:08'),(269,20,'Mr. Ashton Bins','Quos recusandae quia velit dolor ad laudantium dolor. Illum fuga omnis id beatae assumenda. Ea qui corporis consequatur itaque. Nobis sed perferendis nulla quia corporis.',0,'2019-08-20 22:04:08','2019-08-20 22:04:08'),(270,48,'Prof. Clyde Goyette V','Voluptatem nihil ut atque. Commodi est sunt neque iure tempore molestiae. Praesentium et facere vitae. Itaque alias explicabo harum enim quisquam.',2,'2019-08-20 22:04:08','2019-08-20 22:04:08'),(271,37,'Mrs. Cecile McKenzie','In adipisci eveniet voluptatem accusantium saepe totam necessitatibus voluptatem. Soluta deleniti et qui voluptate et distinctio. Voluptates qui eos illo dolores. Animi tempora dolore natus dolorum omnis nulla.',1,'2019-08-20 22:04:08','2019-08-20 22:04:08'),(272,50,'Norene Kohler','Dolor eaque explicabo omnis quod modi et. Eos inventore beatae est occaecati aut asperiores. Aut ex facilis facilis molestiae. Placeat et libero quis expedita.',4,'2019-08-20 22:04:09','2019-08-20 22:04:09'),(273,34,'Jayne DuBuque','Quis aperiam et amet dolores suscipit aspernatur sequi. Quo sit et eveniet molestiae vitae perspiciatis. Impedit alias qui accusamus occaecati repellendus maxime.',3,'2019-08-20 22:04:09','2019-08-20 22:04:09'),(274,38,'Cullen Johns','Sed laudantium illum enim ut. Occaecati libero est et quia officiis cum. Sunt culpa temporibus dolores amet.',1,'2019-08-20 22:04:09','2019-08-20 22:04:09'),(275,13,'Dr. Kristofer Ernser','Dolores esse pariatur facilis. Voluptate rem cum inventore qui eum. Cupiditate consequatur velit facere aut ut enim et. Qui et dignissimos earum laboriosam quisquam qui ut. Vero reprehenderit molestiae hic sed amet vel.',0,'2019-08-20 22:04:09','2019-08-20 22:04:09'),(276,12,'Prof. Helene Balistreri','Accusamus consequuntur dignissimos non dolorem. Tenetur ab rem vero quidem quia necessitatibus qui. Facere est nihil omnis magni sint distinctio. Reprehenderit aut incidunt sunt et aut aspernatur laborum.',2,'2019-08-20 22:04:09','2019-08-20 22:04:09'),(277,19,'Vivien Bosco DDS','Quia cupiditate itaque quod laboriosam molestiae. Repudiandae quasi iure necessitatibus sit inventore velit unde. Dolorum quia nihil sit sequi velit eos quia. Quas sint aut eos vel.',4,'2019-08-20 22:04:09','2019-08-20 22:04:09'),(278,26,'Alexanne Tillman','Esse quia possimus explicabo corrupti iure velit. Nobis a amet repudiandae ea harum est velit nihil. Cupiditate quidem laborum praesentium. Esse distinctio vel autem soluta nihil ad aut et.',4,'2019-08-20 22:04:09','2019-08-20 22:04:09'),(279,12,'Alden Brown','Velit vel expedita accusantium. Officiis quia quia pariatur voluptatem similique molestiae esse voluptatem.',5,'2019-08-20 22:04:09','2019-08-20 22:04:09'),(280,43,'Velda Kiehn','Velit consequatur doloribus aut eius voluptas alias corporis. Molestiae et ex quia rerum veniam. Est et officiis necessitatibus.',3,'2019-08-20 22:04:09','2019-08-20 22:04:09'),(281,50,'Corbin Boyer','Ex et vel ut excepturi mollitia. Adipisci nihil quasi est officia dignissimos.',2,'2019-08-20 22:04:09','2019-08-20 22:04:09'),(282,11,'Andreanne Dicki IV','Quae quisquam soluta autem quis. Consectetur aspernatur consequatur rerum dolorem. Tempore voluptatum ut quia autem id. Pariatur qui eum distinctio sequi minima dignissimos.',4,'2019-08-20 22:04:09','2019-08-20 22:04:09'),(283,22,'Nina Hodkiewicz PhD','Alias vitae possimus nemo reiciendis. Impedit quia alias accusamus et.',2,'2019-08-20 22:04:09','2019-08-20 22:04:09'),(284,6,'Dr. Gunnar Willms V','Quaerat voluptatem quas soluta debitis. Est tempora eos amet facilis aut. Eos optio ratione et quod placeat. Illo animi dolorem rerum mollitia.',3,'2019-08-20 22:04:09','2019-08-20 22:04:09'),(285,1,'Giles Toy II','Quod ratione eos ad doloribus odit omnis ratione. Voluptatem sapiente est ut doloremque dignissimos nam quisquam. Est et error ut aperiam.',0,'2019-08-20 22:04:09','2019-08-20 22:04:09'),(286,29,'Zula Bins','Vero rerum debitis et blanditiis rerum. Doloribus autem harum voluptatem nemo doloremque ipsa.',1,'2019-08-20 22:04:09','2019-08-20 22:04:09'),(287,39,'Lyric O\'Keefe','Non qui provident veniam qui. Modi doloremque hic voluptatem expedita est ea et. Nihil architecto tempore velit enim ratione quia. Eos sunt laborum perferendis dolore.',0,'2019-08-20 22:04:09','2019-08-20 22:04:09'),(288,3,'Khalil Bogisich','Iusto laboriosam voluptates et suscipit occaecati hic nihil. Ea natus et amet adipisci. Ea dolores consequatur et dolor ea qui quod.',4,'2019-08-20 22:04:09','2019-08-20 22:04:09'),(289,1,'Marianne McCullough','Sequi qui qui voluptate ut consequatur quia voluptates. Nobis velit eius omnis. Animi ut sint saepe nisi qui architecto.',4,'2019-08-20 22:04:09','2019-08-20 22:04:09'),(290,25,'Oran Stanton','Nam tempora dolore neque hic esse et exercitationem. Sed quis fuga porro ea ut inventore dignissimos.',5,'2019-08-20 22:04:09','2019-08-20 22:04:09'),(291,13,'Aubree Labadie','Rerum aliquid consequuntur corrupti quam. Molestias omnis labore enim soluta commodi tempora. Repellendus illum dolore similique quia recusandae incidunt. Totam similique iusto non provident. Temporibus rerum quae quas enim laborum occaecati.',0,'2019-08-20 22:04:09','2019-08-20 22:04:09'),(292,2,'Ryley Tromp','Quod accusamus ipsa quasi repellat porro aut. Vel quisquam laborum voluptatem iste blanditiis ea.',2,'2019-08-20 22:04:09','2019-08-20 22:04:09'),(293,48,'Jamal Swaniawski','Quaerat qui dolorem facere est fugit. Quae sit ullam delectus est illo sapiente. Quasi qui ut doloribus quis minus. Facilis culpa nulla aliquid aut et repudiandae.',4,'2019-08-20 22:04:09','2019-08-20 22:04:09'),(294,25,'Dr. Dolores Fritsch','Autem incidunt iusto ullam rerum optio rerum nesciunt. Voluptas numquam voluptatem et itaque. Esse et dolore nobis eveniet sint dolores. Delectus rerum est pariatur odio et quas nulla.',4,'2019-08-20 22:04:10','2019-08-20 22:04:10'),(295,19,'Sabryna Gislason DDS','Magnam ducimus ut fugit quia quibusdam. Totam commodi quibusdam consequuntur ut quia reiciendis. Ad cumque laudantium dolorum officiis dignissimos deserunt commodi. Repudiandae qui sed molestias adipisci dolor eaque quae.',4,'2019-08-20 22:04:10','2019-08-20 22:04:10'),(296,9,'Aliyah Mueller','Quam ut tempore repellendus odio aspernatur. Aliquam consequatur sit totam. Eius fugit nemo sed dolorum hic laboriosam sunt.',1,'2019-08-20 22:04:10','2019-08-20 22:04:10'),(297,29,'Delia Gerhold','Voluptatem cumque recusandae voluptatem id. Quo illum eaque repudiandae adipisci tenetur ab dolore. Sapiente optio eligendi modi autem a nihil. Qui sint ullam aut fuga sed eius quia.',0,'2019-08-20 22:04:10','2019-08-20 22:04:10'),(298,17,'Dr. Ernie Homenick','Facere et et quos et facilis nesciunt. Nostrum aut sunt eveniet non ullam voluptatem nisi. Accusantium illo temporibus omnis beatae.',1,'2019-08-20 22:04:10','2019-08-20 22:04:10'),(299,7,'Ms. Wava Nienow','Eligendi magnam animi vel est placeat rerum molestias. Et sunt dolor sapiente totam nihil debitis dicta omnis. Impedit odit ea quos similique aperiam harum eum. Labore cupiditate et non tenetur unde culpa.',5,'2019-08-20 22:04:10','2019-08-20 22:04:10'),(300,24,'Schuyler Mills','Dolorum incidunt consequatur aut vel exercitationem sapiente sit accusantium. Tenetur culpa illum est. Consequatur ab necessitatibus eum ut eum et pariatur corrupti. Et laudantium quia sequi id sit in voluptate.',4,'2019-08-20 22:04:10','2019-08-20 22:04:10');
/*!40000 ALTER TABLE `reviews` ENABLE KEYS */;
UNLOCK TABLES;

--
-- Table structure for table `users`
--

DROP TABLE IF EXISTS `users`;
/*!40101 SET @saved_cs_client     = @@character_set_client */;
/*!40101 SET character_set_client = utf8 */;
CREATE TABLE `users` (
  `id` bigint(20) unsigned NOT NULL AUTO_INCREMENT,
  `name` varchar(255) COLLATE utf8mb4_unicode_ci NOT NULL,
  `email` varchar(255) COLLATE utf8mb4_unicode_ci NOT NULL,
  `email_verified_at` timestamp NULL DEFAULT NULL,
  `password` varchar(255) COLLATE utf8mb4_unicode_ci NOT NULL,
  `remember_token` varchar(100) COLLATE utf8mb4_unicode_ci DEFAULT NULL,
  `created_at` timestamp NULL DEFAULT NULL,
  `updated_at` timestamp NULL DEFAULT NULL,
  PRIMARY KEY (`id`),
  UNIQUE KEY `users_email_unique` (`email`)
) ENGINE=InnoDB DEFAULT CHARSET=utf8mb4 COLLATE=utf8mb4_unicode_ci;
/*!40101 SET character_set_client = @saved_cs_client */;

--
-- Dumping data for table `users`
--

LOCK TABLES `users` WRITE;
/*!40000 ALTER TABLE `users` DISABLE KEYS */;
/*!40000 ALTER TABLE `users` ENABLE KEYS */;
UNLOCK TABLES;
/*!40103 SET TIME_ZONE=@OLD_TIME_ZONE */;

/*!40101 SET SQL_MODE=@OLD_SQL_MODE */;
/*!40014 SET FOREIGN_KEY_CHECKS=@OLD_FOREIGN_KEY_CHECKS */;
/*!40014 SET UNIQUE_CHECKS=@OLD_UNIQUE_CHECKS */;
/*!40101 SET CHARACTER_SET_CLIENT=@OLD_CHARACTER_SET_CLIENT */;
/*!40101 SET CHARACTER_SET_RESULTS=@OLD_CHARACTER_SET_RESULTS */;
/*!40101 SET COLLATION_CONNECTION=@OLD_COLLATION_CONNECTION */;
/*!40111 SET SQL_NOTES=@OLD_SQL_NOTES */;

-- Dump completed on 2019-08-20 16:11:01
